{"type":"FeatureCollection","properties":{"source":"OpenStreetMap Overpass","projection":"local tangent metres baked in coordinates_local","origin":{"lat":43.45,"lon":-80.5},"note":"Thinned highway network near ION / Waterloo Spur / Guelph Sub"},"features":[{"type":"Feature","properties":{"id":3656996,"highway":"residential","name":"Scheifele Place","width":5.5,"d_rail":65},"geometry":{"type":"LineString","coordinates":[[6796.5,-3403.4],[6696.5,-3353.6],[6609.4,-3312.4],[6585.5,-3309.5]]}},{"type":"Feature","properties":{"id":4018682,"highway":"primary","name":"Victoria Street North","width":10,"d_rail":105},"geometry":{"type":"LineString","coordinates":[[2259.6,-1306.2],[2222.5,-1289.5],[2208.8,-1283.3]]}},{"type":"Feature","properties":{"id":4747230,"highway":"secondary","name":"Victoria Street South","width":8,"d_rail":9},"geometry":{"type":"LineString","coordinates":[[148,-317.4],[143.5,-304.5],[138.6,-291.2]]}},{"type":"Feature","properties":{"id":4747232,"highway":"primary","name":"Edna Street","width":10,"d_rail":154},"geometry":{"type":"LineString","coordinates":[[1980.1,-1197.2],[1989.4,-1184.4],[2002.3,-1167.1],[2010.8,-1156.5],[2021.2,-1143.4],[2057.6,-1098.8],[2065.9,-1089.4]]}},{"type":"Feature","properties":{"id":23349380,"highway":"unclassified","name":"Moore Avenue","width":5.5,"d_rail":17},"geometry":{"type":"LineString","coordinates":[[-82.7,-425.4],[-69.1,-453]]}},{"type":"Feature","properties":{"id":23377459,"highway":"secondary","name":"Erb Street West","width":8,"d_rail":146},"geometry":{"type":"LineString","coordinates":[[-1955.3,-1649.5],[-1942.3,-1657.3],[-1931,-1663.6],[-1914.8,-1671.8],[-1897.5,-1677.7],[-1886.8,-1680.4]]}},{"type":"Feature","properties":{"id":23729786,"highway":"residential","name":"Pine Street","width":5.5,"d_rail":8},"geometry":{"type":"LineString","coordinates":[[-930.4,-782.8],[-922.9,-797.8]]}},{"type":"Feature","properties":{"id":23729858,"highway":"secondary","name":"King Street South","width":8,"d_rail":107},"geometry":{"type":"LineString","coordinates":[[-1729.5,-1297.9],[-1719.2,-1283.2],[-1700.6,-1268.8],[-1681.4,-1252.6]]}},{"type":"Feature","properties":{"id":24159181,"highway":"secondary","name":"Charles Street West","width":8,"d_rail":7},"geometry":{"type":"LineString","coordinates":[[216.1,-162.3],[238.6,-152.4],[250.1,-147.6]]}},{"type":"Feature","properties":{"id":25601380,"highway":"residential","name":"Old Albert Street","width":5.5,"d_rail":81},"geometry":{"type":"LineString","coordinates":[[-3584.5,-4431.5],[-3574.4,-4414],[-3551.5,-4374.4],[-3544.6,-4363.5],[-3527.5,-4336.5],[-3517.8,-4321.2]]}},{"type":"Feature","properties":{"id":25601792,"highway":"secondary","name":"Courtland Avenue East","width":8,"d_rail":84},"geometry":{"type":"LineString","coordinates":[[2736.7,2611.1],[2732.8,2597.6],[2723.3,2563.9],[2718.7,2552.2],[2714.1,2540.5],[2706.1,2526],[2692.9,2502.1]]}},{"type":"Feature","properties":{"id":25735171,"highway":"residential","name":"Quiet Place","width":5.5,"d_rail":72},"geometry":{"type":"LineString","coordinates":[[-3518.8,-4101],[-3505.4,-4061.4],[-3501.4,-4045.5]]}},{"type":"Feature","properties":{"id":26240576,"highway":"unclassified","name":"Ontario Street South","width":5.5,"d_rail":55},"geometry":{"type":"LineString","coordinates":[[648.5,164.1],[655.2,153.9],[665.6,138.3],[682.1,111],[689.4,99.4],[709.2,67.4],[716.9,58.5]]}},{"type":"Feature","properties":{"id":26741435,"highway":"tertiary","name":"Kingsway Drive","width":7,"d_rail":128},"geometry":{"type":"LineString","coordinates":[[4689.9,2919.6],[4672.1,2940.9],[4660.6,2954.8],[4599.3,3027.1]]}},{"type":"Feature","properties":{"id":26741442,"highway":"tertiary","name":"William Street West","width":7,"d_rail":20},"geometry":{"type":"LineString","coordinates":[[-1844.6,-1151.4],[-1810.4,-1193.7]]}},{"type":"Feature","properties":{"id":26741443,"highway":"secondary","name":"Caroline Street North","width":8,"d_rail":28},"geometry":{"type":"LineString","coordinates":[[-2079.7,-1688.7],[-2071.9,-1664.8],[-2058.7,-1638.7],[-2048,-1620.8],[-2037.1,-1600.3]]}},{"type":"Feature","properties":{"id":26741446,"highway":"unclassified","name":"Gaukel Street","width":5.5,"d_rail":76},"geometry":{"type":"LineString","coordinates":[[601.3,-121.8],[583.8,-75],[579.9,-64.5]]}},{"type":"Feature","properties":{"id":26741510,"highway":"secondary","name":"Northfield Drive West","width":8,"d_rail":5},"geometry":{"type":"LineString","coordinates":[[-3037.2,-5571.8],[-3022.1,-5579.4],[-2998.3,-5591.3],[-2981.5,-5599.7],[-2939.7,-5620.7],[-2907.4,-5636.9],[-2883.8,-5648.8],[-2824.3,-5678.6],[-2809.2,-5686],[-2784.6,-5698.5],[-2749.6,-5716]]}},{"type":"Feature","properties":{"id":26825835,"highway":"tertiary","name":"Park Street","width":7,"d_rail":94},"geometry":{"type":"LineString","coordinates":[[-1833.5,-1119.6],[-1788.7,-1082],[-1742.2,-1044.5],[-1730,-1034.7],[-1720.5,-1027],[-1678.5,-993.1],[-1670.5,-986.8]]}},{"type":"Feature","properties":{"id":26926842,"highway":"secondary","name":"Northfield Drive West","width":8,"d_rail":5},"geometry":{"type":"LineString","coordinates":[[-3361.7,-5407.1],[-3308.1,-5434.1]]}},{"type":"Feature","properties":{"id":26926843,"highway":"secondary","name":"Northfield Drive West","width":8,"d_rail":6},"geometry":{"type":"LineString","coordinates":[[-3308.1,-5434.1],[-3248.5,-5464.8]]}},{"type":"Feature","properties":{"id":26935146,"highway":"secondary","name":"Manitou Drive","width":8,"d_rail":94},"geometry":{"type":"LineString","coordinates":[[3743.1,3426.5],[3748.2,3440.9],[3760.6,3467.9]]}},{"type":"Feature","properties":{"id":26958216,"highway":"residential","name":"Agnes Street","width":5.5,"d_rail":56},"geometry":{"type":"LineString","coordinates":[[-460.9,-452.7],[-436.6,-507.5],[-424.6,-535.6]]}},{"type":"Feature","properties":{"id":26958217,"highway":"residential","name":"Wellington Street South","width":5.5,"d_rail":61},"geometry":{"type":"LineString","coordinates":[[-295.1,-378.4],[-276.2,-419.9],[-270.4,-432.6],[-250.2,-479.1],[-248.2,-483.7]]}},{"type":"Feature","properties":{"id":26958219,"highway":"tertiary","name":"Wellington Street North","width":7,"d_rail":115},"geometry":{"type":"LineString","coordinates":[[-234.4,-494.6],[-220.4,-501.2],[-107.4,-553.3],[-94.6,-559.1],[-40.2,-583.5],[64.8,-630.6]]}},{"type":"Feature","properties":{"id":26978907,"highway":"unclassified","name":"Andrew Street","width":5.5,"d_rail":35},"geometry":{"type":"LineString","coordinates":[[-405.2,-736],[-446.7,-646.7],[-459.4,-617.7],[-466.2,-601.9],[-470.4,-591.9]]}},{"type":"Feature","properties":{"id":26984331,"highway":"tertiary","name":"Caroline Street South","width":7,"d_rail":6},"geometry":{"type":"LineString","coordinates":[[-2037.1,-1600.3],[-2028.8,-1589],[-2016.3,-1572.7],[-2001.8,-1550]]}},{"type":"Feature","properties":{"id":27073086,"highway":"secondary","name":"Lancaster Street West","width":8,"d_rail":74},"geometry":{"type":"LineString","coordinates":[[1389.2,-1036.7],[1378,-1083.6],[1374.5,-1098.1],[1362.3,-1148.7]]}},{"type":"Feature","properties":{"id":27073087,"highway":"residential","name":"Ahrens Street West","width":5.5,"d_rail":82},"geometry":{"type":"LineString","coordinates":[[701.7,-603.8],[696.7,-615.7],[693.5,-623.3]]}},{"type":"Feature","properties":{"id":27202412,"highway":"unclassified","name":"Francis Street South","width":5.5,"d_rail":69},"geometry":{"type":"LineString","coordinates":[[202.3,-29.6],[207.3,-41.9],[221.4,-76.5],[245.8,-136.4],[250.1,-147.6]]}},{"type":"Feature","properties":{"id":27202891,"highway":"tertiary","name":"Joseph Street","width":7,"d_rail":120},"geometry":{"type":"LineString","coordinates":[[350.3,35.1],[247.7,-9],[202.3,-29.6],[189.4,-34.9],[163.2,-45.8],[105.6,-71.1],[64.8,-88.5],[39.3,-104.3],[28.7,-110.6]]}},{"type":"Feature","properties":{"id":27228246,"highway":"tertiary","name":"Stirling Avenue South","width":7,"d_rail":74},"geometry":{"type":"LineString","coordinates":[[1852,635.4],[1842.6,650.3],[1835.3,660.5],[1809.7,675.3],[1785.2,687],[1767.4,696.3]]}},{"type":"Feature","properties":{"id":27246484,"highway":"secondary","name":"Bingemans Centre Drive","width":8,"d_rail":128},"geometry":{"type":"LineString","coordinates":[[3750.6,-2319.1],[3763.5,-2321.5],[3803.6,-2329],[3830.2,-2328.9],[3853.4,-2328.8],[3874.8,-2328.7],[3916.5,-2333.9],[3972.5,-2350.6],[4005.8,-2365.4],[4030.6,-2376.3],[4085.2,-2400.4],[4119.4,-2416],[4138,-2424.5],[4202.1,-2453.7],[4226.6,-2464.9],[4287.1,-2492.5],[4353.4,-2522.7],[4375.2,-2534.6],[4394.4,-2547.5],[4409,-2559.3],[4454.7,-2596.2],[4468.6,-2603.6],[4486.8,-2613.3],[4529.6,-2623.2],[4562.2,-2624.4],[4583,-2622.1],[4596.6,-2619.8]]}},{"type":"Feature","properties":{"id":27247554,"highway":"tertiary","name":"Shirley Drive","width":7,"d_rail":136},"geometry":{"type":"LineString","coordinates":[[6055.8,-3176.9],[6047.1,-3189.4],[6024.7,-3221.4],[5991.7,-3251.1]]}},{"type":"Feature","properties":{"id":27274878,"highway":"tertiary","name":"Queen Street North","width":7,"d_rail":154},"geometry":{"type":"LineString","coordinates":[[1423.7,-894.7],[1406,-881.5],[1390.1,-854.2],[1345.6,-777.6],[1304.5,-710.8],[1237.3,-599.1]]}},{"type":"Feature","properties":{"id":28071042,"highway":"residential","name":"John Street East","width":5.5,"d_rail":6},"geometry":{"type":"LineString","coordinates":[[-1424.1,-1037.7],[-1414.4,-1049.6]]}},{"type":"Feature","properties":{"id":28196794,"highway":"residential","name":"Louisa Street","width":5.5,"d_rail":56},"geometry":{"type":"LineString","coordinates":[[-350.7,-540.9],[-307.2,-567.6],[-148.2,-639],[-140,-642.6]]}},{"type":"Feature","properties":{"id":28294319,"highway":"primary","name":"Victoria Street North","width":10,"d_rail":105},"geometry":{"type":"LineString","coordinates":[[2452.4,-1394.9],[2440.8,-1389.6],[2384,-1363]]}},{"type":"Feature","properties":{"id":28294320,"highway":"primary","name":"Victoria Street North","width":10,"d_rail":105},"geometry":{"type":"LineString","coordinates":[[2384,-1363],[2259.6,-1306.2]]}},{"type":"Feature","properties":{"id":28938037,"highway":"unclassified","name":"Conestogo Road","width":5.5,"d_rail":0},"geometry":{"type":"LineString","coordinates":[[-2476.5,-5469.2],[-2458.3,-5478]]}},{"type":"Feature","properties":{"id":30142028,"highway":"residential","name":"Quiet Place","width":5.5,"d_rail":85},"geometry":{"type":"LineString","coordinates":[[-3501.4,-4045.5],[-3515.5,-4039.5],[-3519,-4026],[-3510.3,-4014.2],[-3494.1,-4014.8],[-3486.1,-4028],[-3492.1,-4041.7],[-3501.4,-4045.5]]}},{"type":"Feature","properties":{"id":30368539,"highway":"tertiary","name":"Margaret Avenue","width":7,"d_rail":76},"geometry":{"type":"LineString","coordinates":[[850,-789.8],[822.8,-847.7]]}},{"type":"Feature","properties":{"id":30368548,"highway":"secondary","name":"Fountain Street","width":8,"d_rail":12},"geometry":{"type":"LineString","coordinates":[[7347.7,-3504.6],[7374,-3481.8]]}},{"type":"Feature","properties":{"id":30750863,"highway":"residential","name":"Freemont Street","width":5.5,"d_rail":42},"geometry":{"type":"LineString","coordinates":[[-1675.8,-1117],[-1701.5,-1085.3],[-1699.7,-1072.6],[-1648.2,-1031],[-1641.8,-1025.8]]}},{"type":"Feature","properties":{"id":30786208,"highway":"unclassified","name":"Colby Drive","width":5.5,"d_rail":22},"geometry":{"type":"LineString","coordinates":[[-3037.2,-5571.8],[-3045,-5588.2],[-3053.4,-5604.9],[-3069.1,-5625.8],[-3086.3,-5644.8]]}},{"type":"Feature","properties":{"id":30786267,"highway":"residential","name":"Park Street","width":5.5,"d_rail":74},"geometry":{"type":"LineString","coordinates":[[-1844.6,-1151.4],[-1855.7,-1161],[-1887.2,-1188.3]]}},{"type":"Feature","properties":{"id":30804450,"highway":"residential","name":"Balfour Crescent","width":5.5,"d_rail":70},"geometry":{"type":"LineString","coordinates":[[4357.6,2979.4],[4334.4,3014.3],[4305.8,3049.4],[4288.6,3067.3],[4273.4,3079.5],[4239.7,3104.8],[4208,3125.8],[4188,3132.7],[4169.6,3136.5],[4150.4,3127.5],[4141.8,3116.2],[4123.9,3090.9],[4118.7,3083.1]]}},{"type":"Feature","properties":{"id":31739757,"highway":"unclassified","name":"Borden Avenue South","width":5.5,"d_rail":57},"geometry":{"type":"LineString","coordinates":[[2118.6,797.3],[2098.8,831],[2079.2,864.5],[2071.9,877]]}},{"type":"Feature","properties":{"id":33407439,"highway":"residential","name":"Ahrens Street West","width":5.5,"d_rail":51},"geometry":{"type":"LineString","coordinates":[[666.3,-610.6],[656.1,-631.3],[653.1,-638.5]]}},{"type":"Feature","properties":{"id":33827807,"highway":"secondary","name":"Victoria Street North","width":8,"d_rail":74},"geometry":{"type":"LineString","coordinates":[[693.5,-623.3],[731.6,-641],[745.6,-647.6],[761.9,-655.2],[783.8,-665.4],[801,-673.4]]}},{"type":"Feature","properties":{"id":33859798,"highway":"primary","name":"Bruce Street","width":10,"d_rail":123},"geometry":{"type":"LineString","coordinates":[[2483.9,-1320.9],[2475.7,-1340.3],[2459.3,-1378.7],[2452.4,-1394.9]]}},{"type":"Feature","properties":{"id":34439184,"highway":"primary","name":"Victoria Street North","width":10,"d_rail":105},"geometry":{"type":"LineString","coordinates":[[2535,-1432.3],[2556,-1441.8],[2596,-1460],[2626.4,-1473.8],[2649.8,-1484.4],[2671.6,-1494.3],[2709.1,-1511.3],[2754.5,-1531.8]]}},{"type":"Feature","properties":{"id":35504314,"highway":"unclassified","name":"Borden Avenue South","width":5.5,"d_rail":7},"geometry":{"type":"LineString","coordinates":[[1552.2,1529.5],[1591,1478.9],[1633.6,1428.3],[1674.6,1377.3],[1695.6,1353.7],[1710.6,1338.3]]}},{"type":"Feature","properties":{"id":35509801,"highway":"unclassified","name":"Borden Avenue South","width":5.5,"d_rail":6},"geometry":{"type":"LineString","coordinates":[[1884.5,1130.7],[1890.4,1123.7]]}},{"type":"Feature","properties":{"id":35509802,"highway":"unclassified","name":"Borden Avenue South","width":5.5,"d_rail":6},"geometry":{"type":"LineString","coordinates":[[1900.8,1111.4],[1905.7,1105.4]]}},{"type":"Feature","properties":{"id":35509922,"highway":"residential","name":"Pattandon Avenue","width":5.5,"d_rail":62},"geometry":{"type":"LineString","coordinates":[[1707.7,1822.2],[1694.4,1819.1],[1668.2,1813.4],[1652.7,1810.2],[1370,1752.4]]}},{"type":"Feature","properties":{"id":35509986,"highway":"residential","name":"Wurster Place","width":5.5,"d_rail":0},"geometry":{"type":"LineString","coordinates":[[8974,-3993.6],[8961.4,-4023.3],[8931.4,-4095.9],[8895,-4183.4],[8879.5,-4220.9],[8740.2,-4543.6]]}},{"type":"Feature","properties":{"id":35510706,"highway":"unclassified","name":"Borden Avenue South","width":5.5,"d_rail":7},"geometry":{"type":"LineString","coordinates":[[1905.7,1105.4],[1917.5,1090.9],[1975.2,1020.8],[1995.3,996.4],[2013.1,974.7],[2023.2,960.1],[2067.3,886.4],[2071.9,877]]}},{"type":"Feature","properties":{"id":35521005,"highway":"unclassified","name":"Breithaupt Street","width":5.5,"d_rail":74},"geometry":{"type":"LineString","coordinates":[[1374.5,-1098.1],[1293.7,-1061.9],[1194.1,-1016.6],[1109,-977.5],[1086,-967],[961.8,-910.9],[865.6,-867.4],[831.8,-852.1],[822.8,-847.7]]}},{"type":"Feature","properties":{"id":35527881,"highway":"unclassified","name":"Borden Avenue South","width":5.5,"d_rail":6},"geometry":{"type":"LineString","coordinates":[[1890.4,1123.7],[1900.8,1111.4]]}},{"type":"Feature","properties":{"id":35528376,"highway":"residential","name":"Pandora Avenue South","width":5.5,"d_rail":52},"geometry":{"type":"LineString","coordinates":[[1648.9,622.8],[1672.3,586.1],[1698.1,546],[1704,536.8]]}},{"type":"Feature","properties":{"id":35529041,"highway":"secondary","name":"Columbia Street West","width":8,"d_rail":0},"geometry":{"type":"LineString","coordinates":[[-3435.4,-2902.7],[-3454.4,-2899.3],[-3469.3,-2892.6],[-3493.5,-2881.5]]}},{"type":"Feature","properties":{"id":35531885,"highway":"residential","name":"Dundas Avenue","width":5.5,"d_rail":6},"geometry":{"type":"LineString","coordinates":[[1830.3,1195.2],[1818.8,1187.9],[1751.2,1144.4]]}},{"type":"Feature","properties":{"id":35837380,"highway":"secondary","name":"Benton Street","width":8,"d_rail":136},"geometry":{"type":"LineString","coordinates":[[806.2,362],[840.8,314.6],[851.8,299.6],[884.1,255.4],[912.1,218.2],[913.8,215.9]]}},{"type":"Feature","properties":{"id":35837482,"highway":"tertiary","name":"Margaret Avenue","width":7,"d_rail":44},"geometry":{"type":"LineString","coordinates":[[884.4,-712.3],[872.6,-739],[857.5,-773.2]]}},{"type":"Feature","properties":{"id":37749386,"highway":"residential","name":"Cameron Street South","width":5.5,"d_rail":16},"geometry":{"type":"LineString","coordinates":[[1551.8,436.8],[1500.3,516.3],[1496.6,521.7]]}},{"type":"Feature","properties":{"id":38654420,"highway":"residential","name":"Parkhill Court","width":5.5,"d_rail":77},"geometry":{"type":"LineString","coordinates":[[2932.3,2796.8],[2919.7,2794.7],[2910.7,2803.8],[2913.4,2816.6],[2925.8,2821.3],[2936.4,2813.3],[2935.3,2800.1],[2932.3,2796.8]]}},{"type":"Feature","properties":{"id":40046731,"highway":"secondary","name":"University Avenue West","width":8,"d_rail":0},"geometry":{"type":"LineString","coordinates":[[-3044.1,-2365.2],[-3062.3,-2346.7],[-3069.6,-2333.7],[-3079,-2312.2],[-3100.2,-2260.6],[-3149,-2130]]}},{"type":"Feature","properties":{"id":40046732,"highway":"residential","name":"Fullerton Street","width":5.5,"d_rail":7},"geometry":{"type":"LineString","coordinates":[[-1758,-1183.3],[-1766.1,-1174.1],[-1787.9,-1147.7],[-1810.7,-1120.2]]}},{"type":"Feature","properties":{"id":40046736,"highway":"secondary","name":"University Avenue West","width":8,"d_rail":82},"geometry":{"type":"LineString","coordinates":[[-3031.3,-2384.3],[-3019.1,-2397.7],[-3007.8,-2408.2]]}},{"type":"Feature","properties":{"id":41169363,"highway":"secondary","name":"Fairway Road South","width":8,"d_rail":119},"geometry":{"type":"LineString","coordinates":[[4839.4,3164.9],[4771.2,3181.2],[4733,3190.3],[4724.4,3192.3]]}},{"type":"Feature","properties":{"id":41169444,"highway":"secondary","name":"King Street West","width":8,"d_rail":11},"geometry":{"type":"LineString","coordinates":[[148,-317.4],[136,-328.9],[-70.2,-420],[-82.7,-425.4]]}},{"type":"Feature","properties":{"id":41169446,"highway":"secondary","name":"Victoria Street South","width":8,"d_rail":70},"geometry":{"type":"LineString","coordinates":[[105.9,-210.6],[77.5,-174],[62.3,-154.2],[35.4,-119.4],[28.7,-110.6]]}},{"type":"Feature","properties":{"id":41169448,"highway":"secondary","name":"University Avenue West","width":8,"d_rail":5},"geometry":{"type":"LineString","coordinates":[[-3131.3,-2138.5],[-3087.7,-2254.8],[-3069.4,-2303.6],[-3062.8,-2321.5],[-3052.6,-2341.4],[-3046.8,-2353.6],[-3044.1,-2365.2]]}},{"type":"Feature","properties":{"id":41169450,"highway":"unclassified","name":"Ring Road","width":5.5,"d_rail":74},"geometry":{"type":"LineString","coordinates":[[-3701.3,-2683.5],[-3687.5,-2690.8],[-3674.9,-2697.1],[-3638.7,-2715.9],[-3625.4,-2722.3],[-3542,-2761.6],[-3530.5,-2767],[-3517.3,-2770],[-3497.8,-2770.5],[-3480,-2765.6],[-3463.1,-2756.2],[-3449.8,-2744.3],[-3437.7,-2721.6],[-3421.5,-2688.2],[-3395.9,-2637.9],[-3387.7,-2623]]}},{"type":"Feature","properties":{"id":42734070,"highway":"primary","name":"Victoria Street North","width":10,"d_rail":68},"geometry":{"type":"LineString","coordinates":[[5894.5,-3059.3],[5944.7,-3103.1],[5999.9,-3141.8],[6043.5,-3169.2],[6055.8,-3176.9]]}},{"type":"Feature","properties":{"id":42734071,"highway":"primary","name":"Victoria Street North","width":10,"d_rail":71},"geometry":{"type":"LineString","coordinates":[[5683.9,-2880.3],[5725.6,-2910.1],[5755.6,-2934.5]]}},{"type":"Feature","properties":{"id":42734072,"highway":"primary","name":"Victoria Street North","width":10,"d_rail":146},"geometry":{"type":"LineString","coordinates":[[6183.1,-3246.8],[6316.5,-3321.5]]}},{"type":"Feature","properties":{"id":62299803,"highway":"tertiary","name":"Father David Bauer Drive","width":7,"d_rail":43},"geometry":{"type":"LineString","coordinates":[[-2092.5,-1396.1],[-2051.2,-1419.1],[-2035.3,-1427.4],[-2023.4,-1429.9],[-2009.6,-1432.7],[-1992.3,-1437.2],[-1976.2,-1440.7],[-1960.4,-1448.7],[-1946.5,-1457.1]]}},{"type":"Feature","properties":{"id":62299904,"highway":"unclassified","name":"Caroline Street South","width":5.5,"d_rail":5},"geometry":{"type":"LineString","coordinates":[[-1794.7,-1213.5],[-1769.8,-1192.9],[-1758,-1183.3]]}},{"type":"Feature","properties":{"id":85518626,"highway":"residential","name":"Madison Avenue South","width":5.5,"d_rail":82},"geometry":{"type":"LineString","coordinates":[[1444.3,366.4],[1433.8,382.7],[1422.8,399.7],[1396.4,440.7],[1391.9,447.6]]}},{"type":"Feature","properties":{"id":85624828,"highway":"secondary","name":"King Street West","width":8,"d_rail":120},"geometry":{"type":"LineString","coordinates":[[776.2,-35],[722.3,-62.5],[631.4,-108.3]]}},{"type":"Feature","properties":{"id":85759868,"highway":"secondary","name":"Charles Street East","width":8,"d_rail":7},"geometry":{"type":"LineString","coordinates":[[806.8,119.9],[824.7,127.8],[843.9,136.6],[853,140.4]]}},{"type":"Feature","properties":{"id":85807076,"highway":"tertiary","name":"Wilson Avenue","width":7,"d_rail":120},"geometry":{"type":"LineString","coordinates":[[4524.8,3058.9],[4487.2,3046.8],[4465,3039],[4448.1,3032.7],[4426.8,3023.3],[4393,3004.1],[4357.6,2979.4],[4282.1,2925.1],[4275.3,2920.5]]}},{"type":"Feature","properties":{"id":85883178,"highway":"secondary","name":"Ottawa Street South","width":8,"d_rail":0},"geometry":{"type":"LineString","coordinates":[[1728.2,1728.1],[1725.5,1740.7],[1722.1,1755.9],[1718.7,1771.7]]}},{"type":"Feature","properties":{"id":86784145,"highway":"unclassified","name":"River Road West","width":5.5,"d_rail":62},"geometry":{"type":"LineString","coordinates":[[2865.2,-1582],[2856.3,-1594.2],[2837.7,-1618.7],[2828.4,-1627.2],[2823.5,-1630.1]]}},{"type":"Feature","properties":{"id":86980607,"highway":"secondary","name":"Weber Street North","width":8,"d_rail":16},"geometry":{"type":"LineString","coordinates":[[-3369.6,-4730.9],[-3332.5,-4724.6]]}},{"type":"Feature","properties":{"id":87093770,"highway":"secondary","name":"Weber Street West","width":8,"d_rail":77},"geometry":{"type":"LineString","coordinates":[[448.6,-624.3],[428.2,-665.6],[407.6,-708.6]]}},{"type":"Feature","properties":{"id":87139189,"highway":"unclassified","name":"Mill Street","width":5.5,"d_rail":20},"geometry":{"type":"LineString","coordinates":[[1718.7,1771.7],[1706.2,1765.5],[1679.5,1738.2],[1668.2,1724.3],[1645.1,1711.9]]}},{"type":"Feature","properties":{"id":87171494,"highway":"residential","name":"Balzer Road","width":5.5,"d_rail":59},"geometry":{"type":"LineString","coordinates":[[3320.8,3516.8],[3364.7,3507.2],[3471.7,3482],[3492.6,3477.4],[3514.5,3472.9],[3527.7,3470.2],[3540.6,3467.7],[3563.8,3463.1],[3581,3448.7],[3590.2,3434],[3596.7,3422.2],[3605.3,3403.1]]}},{"type":"Feature","properties":{"id":88147083,"highway":"tertiary","name":"William Street East","width":7,"d_rail":143},"geometry":{"type":"LineString","coordinates":[[-1729.5,-1297.9],[-1719.2,-1311.4],[-1709.1,-1323.9],[-1691,-1347.1],[-1674.6,-1366.9]]}},{"type":"Feature","properties":{"id":88314179,"highway":"tertiary","name":"Wilson Avenue","width":7,"d_rail":135},"geometry":{"type":"LineString","coordinates":[[4672.3,3429.3],[4653.8,3337.6],[4643.7,3291.4],[4629.9,3236.9],[4627.4,3225.6]]}},{"type":"Feature","properties":{"id":132686422,"highway":"secondary","name":"Charles Street West","width":8,"d_rail":7},"geometry":{"type":"LineString","coordinates":[[477.7,-45.8],[540.4,-18.3],[559.4,-9.9]]}},{"type":"Feature","properties":{"id":132686423,"highway":"secondary","name":"Charles Street West","width":8,"d_rail":7},"geometry":{"type":"LineString","coordinates":[[439.4,-63.3],[477.7,-45.8]]}},{"type":"Feature","properties":{"id":134777695,"highway":"unclassified","name":"Ontario Street South","width":5.5,"d_rail":29},"geometry":{"type":"LineString","coordinates":[[716.9,58.5],[728.8,40.3],[737.5,26.3],[745.1,15.1]]}},{"type":"Feature","properties":{"id":141722398,"highway":"unclassified","name":"Wes Graham Way","width":5.5,"d_rail":65},"geometry":{"type":"LineString","coordinates":[[-3964.8,-3372.5],[-3844.8,-3431.1],[-3725.6,-3489.2],[-3713.9,-3499.5],[-3709.5,-3511.4],[-3712.3,-3536.8],[-3726,-3611.9],[-3743.1,-3705.1],[-3742.9,-3721.1],[-3742.7,-3737.2],[-3728.1,-3825.8],[-3729.8,-3843.4],[-3734.5,-3858.9],[-3753,-3897.4]]}},{"type":"Feature","properties":{"id":144265694,"highway":"tertiary","name":"Hayward Avenue","width":7,"d_rail":10},"geometry":{"type":"LineString","coordinates":[[2525.3,2708.5],[2547.2,2698.3],[2591.3,2677.1],[2650.4,2648.5],[2724.2,2614.5]]}},{"type":"Feature","properties":{"id":144358794,"highway":"secondary","name":"Courtland Avenue East","width":8,"d_rail":16},"geometry":{"type":"LineString","coordinates":[[3337.3,3199],[3365.1,3212.2],[3398.3,3234.2],[3414.4,3246.2]]}},{"type":"Feature","properties":{"id":145878325,"highway":"tertiary","name":"Union Street East","width":7,"d_rail":4},"geometry":{"type":"LineString","coordinates":[[-1254.3,-931.9],[-1249.1,-945.4]]}},{"type":"Feature","properties":{"id":145891373,"highway":"secondary","name":"King Street East","width":8,"d_rail":108},"geometry":{"type":"LineString","coordinates":[[1852,635.4],[1824,616.5],[1808,605.7],[1789.6,593.2]]}},{"type":"Feature","properties":{"id":145891375,"highway":"secondary","name":"King Street East","width":8,"d_rail":125},"geometry":{"type":"LineString","coordinates":[[991.4,87],[887.7,26.9],[878.6,21.4]]}},{"type":"Feature","properties":{"id":145891378,"highway":"secondary","name":"King Street East","width":8,"d_rail":104},"geometry":{"type":"LineString","coordinates":[[1336.1,295.7],[1250.9,239.7],[1215.6,218.9],[1154.3,182.9],[1141.9,175.6],[1130.7,169.1],[1114.3,159.5],[1081.1,140.3],[1058.3,126.8]]}},{"type":"Feature","properties":{"id":145891387,"highway":"residential","name":"Madison Avenue South","width":5.5,"d_rail":11},"geometry":{"type":"LineString","coordinates":[[1378.2,470.5],[1427.8,499],[1437.7,495.6]]}},{"type":"Feature","properties":{"id":146415444,"highway":"secondary","name":"Courtland Avenue East","width":8,"d_rail":13},"geometry":{"type":"LineString","coordinates":[[2736.7,2611.1],[2760.1,2699.2],[2764.1,2711.2],[2780.4,2748.1],[2800.6,2777],[2831.3,2814],[2853.7,2839],[2879.9,2868.9]]}},{"type":"Feature","properties":{"id":146415446,"highway":"residential","name":"Eby Street South","width":5.5,"d_rail":59},"geometry":{"type":"LineString","coordinates":[[1119,442.9],[1156.7,384.9],[1187,338.3],[1192.3,330.1]]}},{"type":"Feature","properties":{"id":170179030,"highway":"secondary","name":"Fountain Street","width":8,"d_rail":154},"geometry":{"type":"LineString","coordinates":[[7132.6,-3736.4],[7241.2,-3614.8]]}},{"type":"Feature","properties":{"id":170179033,"highway":"tertiary","name":"Woolwich Street South","width":7,"d_rail":68},"geometry":{"type":"LineString","coordinates":[[6735.7,-3511.9],[6796.5,-3403.4],[6837.7,-3328.3],[6846.2,-3312.9],[6871.4,-3267.4],[6883.5,-3237.8],[6895.2,-3185.4],[6898.2,-3172.2]]}},{"type":"Feature","properties":{"id":170179034,"highway":"secondary","name":"Fountain Street","width":8,"d_rail":85},"geometry":{"type":"LineString","coordinates":[[7241.2,-3614.8],[7293.4,-3558],[7347.7,-3504.6]]}},{"type":"Feature","properties":{"id":172042863,"highway":"tertiary","name":"Block Line Road","width":7,"d_rail":61},"geometry":{"type":"LineString","coordinates":[[2920.6,3224.9],[2996.5,3136.6]]}},{"type":"Feature","properties":{"id":172042865,"highway":"tertiary","name":"Block Line Road","width":7,"d_rail":0},"geometry":{"type":"LineString","coordinates":[[2996.5,3136.6],[3034.7,3096.8],[3044,3087.5],[3052.4,3079]]}},{"type":"Feature","properties":{"id":176086942,"highway":"secondary","name":"Charles Street West","width":8,"d_rail":8},"geometry":{"type":"LineString","coordinates":[[716.9,58.5],[746.3,73.6],[760.2,84.5]]}},{"type":"Feature","properties":{"id":176086943,"highway":"secondary","name":"Charles Street West","width":8,"d_rail":6},"geometry":{"type":"LineString","coordinates":[[559.4,-9.9],[573.3,-3.8],[596.3,6.3],[612.1,13.3]]}},{"type":"Feature","properties":{"id":176086947,"highway":"secondary","name":"Victoria Street North","width":8,"d_rail":126},"geometry":{"type":"LineString","coordinates":[[339.8,-462],[377.9,-479.3],[411.1,-494.3],[427,-501.5],[430.4,-503.1]]}},{"type":"Feature","properties":{"id":176086966,"highway":"secondary","name":"Victoria Street North","width":8,"d_rail":74},"geometry":{"type":"LineString","coordinates":[[590.6,-576.6],[605.9,-583.3]]}},{"type":"Feature","properties":{"id":176086984,"highway":"secondary","name":"Weber Street West","width":8,"d_rail":23},"geometry":{"type":"LineString","coordinates":[[506,-537.5],[494.1,-552.2],[473.4,-580.4],[457.9,-605.5]]}},{"type":"Feature","properties":{"id":182463031,"highway":"unclassified","name":"Seagram Drive","width":5.5,"d_rail":0},"geometry":{"type":"LineString","coordinates":[[-2909.1,-2025.2],[-2851.7,-2098.5],[-2840.6,-2110.9],[-2827.3,-2122.1],[-2814.8,-2131.5],[-2802.4,-2141.7],[-2746.2,-2187.4],[-2733.3,-2197.8],[-2674.6,-2245.3],[-2618.8,-2290.5],[-2576.7,-2324.6],[-2570.8,-2329.3]]}},{"type":"Feature","properties":{"id":182704479,"highway":"unclassified","name":"Ring Road","width":5.5,"d_rail":37},"geometry":{"type":"LineString","coordinates":[[-3309,-2511.7],[-3300,-2501.2],[-3289.3,-2489.6],[-3260.7,-2458.9],[-3231.1,-2430.7],[-3219.7,-2420.1],[-3180.6,-2386.3],[-3170.7,-2378.7],[-3135.3,-2350.8],[-3123.3,-2339.8],[-3114.8,-2328.8],[-3109,-2314.9],[-3106.4,-2300.1],[-3106.6,-2287.5],[-3112.2,-2267.8],[-3117.8,-2256.1],[-3128.2,-2233.7],[-3136.6,-2215.9],[-3148.5,-2194.7],[-3162,-2176.9],[-3177.6,-2160.6],[-3186.8,-2150.9]]}},{"type":"Feature","properties":{"id":182752073,"highway":"unclassified","name":"Ring Road","width":5.5,"d_rail":36},"geometry":{"type":"LineString","coordinates":[[-3368.4,-2592.5],[-3357.1,-2574.7],[-3348.8,-2563.2],[-3329.3,-2536.6],[-3309,-2511.7]]}},{"type":"Feature","properties":{"id":184789522,"highway":"secondary","name":"Columbia Street West","width":8,"d_rail":103},"geometry":{"type":"LineString","coordinates":[[-3730.4,-2752.6],[-3559.5,-2837.1],[-3492.5,-2869.7],[-3488.8,-2871.5]]}},{"type":"Feature","properties":{"id":188300799,"highway":"secondary","name":"King Street West","width":8,"d_rail":126},"geometry":{"type":"LineString","coordinates":[[601.3,-121.8],[530.5,-152.6],[449.6,-188.7],[440.8,-192.6]]}},{"type":"Feature","properties":{"id":188300801,"highway":"secondary","name":"Charles Street West","width":8,"d_rail":7},"geometry":{"type":"LineString","coordinates":[[684.3,45.9],[709,55],[716.9,58.5]]}},{"type":"Feature","properties":{"id":193612574,"highway":"unclassified","name":"Conestogo Road","width":5.5,"d_rail":89},"geometry":{"type":"LineString","coordinates":[[-2360.9,-5546.3],[-2369.4,-5535.5],[-2382.1,-5522]]}},{"type":"Feature","properties":{"id":193612585,"highway":"secondary","name":"Northfield Drive East","width":8,"d_rail":29},"geometry":{"type":"LineString","coordinates":[[-2682.9,-5749.4],[-2667.5,-5756.8],[-2617.9,-5782.6]]}},{"type":"Feature","properties":{"id":193612586,"highway":"unclassified","name":"Conestogo Road","width":5.5,"d_rail":4},"geometry":{"type":"LineString","coordinates":[[-2458.3,-5478],[-2443.3,-5479.2],[-2434.4,-5482]]}},{"type":"Feature","properties":{"id":193622630,"highway":"secondary","name":"King Street North","width":8,"d_rail":5},"geometry":{"type":"LineString","coordinates":[[-2697.6,-5742.2],[-2690.2,-5730.7],[-2654.9,-5688.7],[-2619.9,-5647.9]]}},{"type":"Feature","properties":{"id":193622632,"highway":"secondary","name":"King Street North","width":8,"d_rail":37},"geometry":{"type":"LineString","coordinates":[[-2476.5,-5469.2],[-2464.2,-5452.1],[-2435.9,-5401.1],[-2421.4,-5369.7],[-2409.9,-5337.4],[-2399.9,-5307.7],[-2390.6,-5272.9]]}},{"type":"Feature","properties":{"id":193622634,"highway":"secondary","name":"King Street North","width":8,"d_rail":24},"geometry":{"type":"LineString","coordinates":[[-2398.7,-5348.5],[-2408.1,-5372]]}},{"type":"Feature","properties":{"id":193932846,"highway":"secondary","name":"Northfield Drive West","width":8,"d_rail":6},"geometry":{"type":"LineString","coordinates":[[-3108,-5537.3],[-3083.3,-5548.7]]}},{"type":"Feature","properties":{"id":196458798,"highway":"secondary","name":"King Street North","width":8,"d_rail":45},"geometry":{"type":"LineString","coordinates":[[-2375.3,-5268.5],[-2379.1,-5284.1],[-2384.3,-5303.7]]}},{"type":"Feature","properties":{"id":196464727,"highway":"secondary","name":"Fairway Road South","width":8,"d_rail":80},"geometry":{"type":"LineString","coordinates":[[3777.7,3419.4],[3757.8,3423.6],[3743.1,3426.5]]}},{"type":"Feature","properties":{"id":196465159,"highway":"tertiary","name":"Wilson Avenue","width":7,"d_rail":26},"geometry":{"type":"LineString","coordinates":[[4557.1,3076.9],[4568,3085.5],[4585,3105],[4595.2,3120.3]]}},{"type":"Feature","properties":{"id":196465160,"highway":"secondary","name":"Fairway Road South","width":8,"d_rail":87},"geometry":{"type":"LineString","coordinates":[[3842.8,3405.3],[3816.3,3411.3],[3777.7,3419.4]]}},{"type":"Feature","properties":{"id":198995089,"highway":"secondary","name":"Charles Street West","width":8,"d_rail":6},"geometry":{"type":"LineString","coordinates":[[626.4,19.8],[658.6,34.4],[674.6,41.6],[684.3,45.9]]}},{"type":"Feature","properties":{"id":202030870,"highway":"residential","name":"Fullerton Street","width":5.5,"d_rail":80},"geometry":{"type":"LineString","coordinates":[[-1810.7,-1120.2],[-1825.1,-1112.5]]}},{"type":"Feature","properties":{"id":216278914,"highway":"primary","name":"Victoria Street North","width":10,"d_rail":119},"geometry":{"type":"LineString","coordinates":[[2939.2,-1612.9],[2988.7,-1633.6],[3014.2,-1644.2],[3060.8,-1663.6],[3084.5,-1673.3],[3107.4,-1682.7],[3131.9,-1692.7],[3162.6,-1705.3],[3189,-1716.1],[3207.1,-1723.7],[3238,-1736.2],[3254.5,-1742.9],[3265.5,-1747.4]]}},{"type":"Feature","properties":{"id":216278915,"highway":"primary","name":"Victoria Street North","width":10,"d_rail":106},"geometry":{"type":"LineString","coordinates":[[2780.8,-1543.8],[2806.7,-1555.5],[2852.8,-1576.4],[2865.2,-1582]]}},{"type":"Feature","properties":{"id":217482119,"highway":"primary","name":"Victoria Street North","width":10,"d_rail":126},"geometry":{"type":"LineString","coordinates":[[4844.5,-2467.5],[4867.8,-2478.7],[4891.3,-2489.7],[4948.1,-2516.6],[5001.3,-2541.8]]}},{"type":"Feature","properties":{"id":217608324,"highway":"unclassified","name":"Breithaupt Street","width":5.5,"d_rail":76},"geometry":{"type":"LineString","coordinates":[[822.8,-847.7],[776.4,-826.3],[719.1,-800],[657.2,-771.5],[643.7,-765.3],[615.2,-752.1],[603.8,-746.9],[490.3,-694.8],[450.1,-676.2],[442.6,-672.8]]}},{"type":"Feature","properties":{"id":217608339,"highway":"tertiary","name":"Margaret Avenue","width":7,"d_rail":136},"geometry":{"type":"LineString","coordinates":[[822.8,-847.7],[798.1,-902.5],[787.3,-926.1]]}},{"type":"Feature","properties":{"id":218188039,"highway":"secondary","name":"Charles Street East","width":8,"d_rail":3},"geometry":{"type":"LineString","coordinates":[[1382.9,458.5],[1437.7,495.6],[1446.2,501.5]]}},{"type":"Feature","properties":{"id":223086325,"highway":"tertiary","name":"Queen Street North","width":7,"d_rail":134},"geometry":{"type":"LineString","coordinates":[[907,-33.1],[879.7,13.1],[878.6,21.4]]}},{"type":"Feature","properties":{"id":224109041,"highway":"secondary","name":"Benton Street","width":8,"d_rail":101},"geometry":{"type":"LineString","coordinates":[[991.4,87],[976.8,117.8]]}},{"type":"Feature","properties":{"id":224262442,"highway":"tertiary","name":"Joseph Street","width":7,"d_rail":127},"geometry":{"type":"LineString","coordinates":[[723.4,224.7],[678.1,189.8],[648.5,164.1]]}},{"type":"Feature","properties":{"id":224262443,"highway":"tertiary","name":"Queen Street South","width":7,"d_rail":94},"geometry":{"type":"LineString","coordinates":[[723.4,224.7],[731.4,214.6],[739.5,204.3],[754.8,184.8],[764.9,171.9],[772.8,161.9]]}},{"type":"Feature","properties":{"id":228056638,"highway":"secondary","name":"King Street West","width":8,"d_rail":123},"geometry":{"type":"LineString","coordinates":[[294.1,-255.2],[275.1,-263],[214.5,-287.8]]}},{"type":"Feature","properties":{"id":256192893,"highway":"unclassified","name":"Farmers Market Road","width":5.5,"d_rail":86},"geometry":{"type":"LineString","coordinates":[[-4104.5,-6629.6],[-4132.9,-6618.5],[-4148.2,-6616.4],[-4161.2,-6616.1],[-4174.9,-6617.3],[-4188.7,-6620.7],[-4210.3,-6629.2],[-4278.3,-6656.1],[-4294.6,-6661.2],[-4316,-6665.6],[-4343.8,-6668.1],[-4443.3,-6672.1],[-4463,-6672.3],[-4477.9,-6672.6]]}},{"type":"Feature","properties":{"id":260974198,"highway":"tertiary","name":"Bearinger Road","width":7,"d_rail":127},"geometry":{"type":"LineString","coordinates":[[-3782.2,-3963.1],[-3769.3,-3965.5],[-3749.4,-3969.5],[-3726.6,-3971.6],[-3702.9,-3971.9],[-3671.3,-3969.3]]}},{"type":"Feature","properties":{"id":260975668,"highway":"tertiary","name":"Kumpf Drive","width":7,"d_rail":124},"geometry":{"type":"LineString","coordinates":[[-3481.5,-5409.5],[-3458.8,-5415.9],[-3441.5,-5421.5],[-3389.6,-5448.4],[-3372.3,-5460],[-3361.8,-5480.3],[-3361.7,-5494.4],[-3381.1,-5542.8],[-3386.6,-5554.5],[-3413.3,-5612.4],[-3438.2,-5666.3],[-3459.8,-5713.3],[-3488.3,-5775.3],[-3528.7,-5862.9],[-3592.1,-6000.7]]}},{"type":"Feature","properties":{"id":309843467,"highway":"tertiary","name":"Bearinger Road","width":7,"d_rail":85},"geometry":{"type":"LineString","coordinates":[[-3671.3,-3969.3],[-3643.9,-3966.2],[-3614.4,-3958.1],[-3600.8,-3954.7],[-3518,-3931.4],[-3484.9,-3922.1],[-3434.1,-3907.9],[-3390.8,-3898.3],[-3371.3,-3896],[-3357.1,-3896.4]]}},{"type":"Feature","properties":{"id":321232975,"highway":"unclassified","name":"Breithaupt Street","width":5.5,"d_rail":72},"geometry":{"type":"LineString","coordinates":[[387.9,-645.1],[388.1,-632.9],[400.5,-627],[411.2,-639.4],[403.7,-650.7],[401.6,-651.2]]}},{"type":"Feature","properties":{"id":350415486,"highway":"unclassified","name":"Moore Avenue","width":5.5,"d_rail":67},"geometry":{"type":"LineString","coordinates":[[-69.1,-453],[-65.5,-471.3],[-68.6,-483.3],[-75.5,-499],[-98.4,-550.1],[-101.1,-556.2]]}},{"type":"Feature","properties":{"id":351917203,"highway":"tertiary","name":"Albert Street","width":7,"d_rail":149},"geometry":{"type":"LineString","coordinates":[[-3338.9,-4368.2],[-3343.3,-4355.3],[-3347.7,-4337.5],[-3350.6,-4313.1],[-3350.8,-4259.9],[-3351.2,-4247.6],[-3352.5,-4201.4],[-3352.7,-4171.3],[-3352.9,-4154.8]]}},{"type":"Feature","properties":{"id":362867814,"highway":"tertiary","name":"Joseph Street","width":7,"d_rail":118},"geometry":{"type":"LineString","coordinates":[[458.6,78.4],[423.3,64.5],[361.6,39.5],[350.3,35.1]]}},{"type":"Feature","properties":{"id":362867815,"highway":"tertiary","name":"Water Street South","width":7,"d_rail":64},"geometry":{"type":"LineString","coordinates":[[350.3,35.1],[356.9,22.5],[370.8,-15.9],[392.4,-71.2],[397.4,-83.6]]}},{"type":"Feature","properties":{"id":362867816,"highway":"secondary","name":"Weber Street West","width":8,"d_rail":123},"geometry":{"type":"LineString","coordinates":[[559.5,-486.9],[542.5,-499.7],[538.2,-503.2]]}},{"type":"Feature","properties":{"id":362867817,"highway":"residential","name":"Water Street North","width":5.5,"d_rail":89},"geometry":{"type":"LineString","coordinates":[[578.8,-474.1],[585.2,-485.2],[620.3,-545.9],[627.6,-558.4],[641.9,-583.1],[640.3,-598.8]]}},{"type":"Feature","properties":{"id":374642654,"highway":"secondary","name":"King Street West","width":8,"d_rail":4},"geometry":{"type":"LineString","coordinates":[[-1075.5,-850.2],[-983,-806.7],[-945.4,-789.6],[-930.4,-782.8]]}},{"type":"Feature","properties":{"id":374642729,"highway":"unclassified","name":"Waterloo Street","width":5.5,"d_rail":88},"geometry":{"type":"LineString","coordinates":[[164.1,-409.5],[170.5,-395.5],[177.5,-379.6]]}},{"type":"Feature","properties":{"id":374642839,"highway":"tertiary","name":"Margaret Avenue","width":7,"d_rail":12},"geometry":{"type":"LineString","coordinates":[[857.5,-773.2],[850,-789.8]]}},{"type":"Feature","properties":{"id":378064873,"highway":"secondary","name":"Northfield Drive West","width":8,"d_rail":5},"geometry":{"type":"LineString","coordinates":[[-3248.5,-5464.8],[-3217.5,-5481.5],[-3190.5,-5496],[-3143.3,-5519.8],[-3108,-5537.3]]}},{"type":"Feature","properties":{"id":406048634,"highway":"primary","name":"Victoria Street North","width":10,"d_rail":88},"geometry":{"type":"LineString","coordinates":[[6055.8,-3176.9],[6071.1,-3185.3],[6183.1,-3246.8]]}},{"type":"Feature","properties":{"id":406048635,"highway":"tertiary","name":"Shirley Drive","width":7,"d_rail":146},"geometry":{"type":"LineString","coordinates":[[5991.7,-3251.1],[5974.6,-3262.3],[5941.1,-3275.1],[5903.8,-3281],[5862.6,-3277.4],[5829.2,-3265.6],[5802.4,-3247.7],[5788,-3235.5],[5777.8,-3226.8],[5743.1,-3197.4],[5710.2,-3170.4],[5700.9,-3162.8],[5671.3,-3145.9],[5627,-3124.9],[5607.6,-3116.1],[5552.6,-3090.7],[5534.8,-3082.5],[5463.7,-3049.6],[5439.4,-3038.4],[5368,-3005.3],[5314.5,-2980.6],[5290.1,-2969.7],[5262.2,-2957.4],[5190.6,-2925.7],[5175.6,-2919.1],[5134.6,-2900.9],[5084.9,-2878.3],[5042.6,-2858.9],[4930.4,-2807.7],[4907.6,-2796.4],[4889.1,-2782.8],[4870.2,-2766.8],[4845.7,-2748.5],[4812.2,-2729.5],[4797.2,-2722.5],[4699.3,-2676.7],[4673,-2661.4],[4658.9,-2648],[4642.8,-2621.7],[4632.1,-2606]]}},{"type":"Feature","properties":{"id":414283943,"highway":"secondary","name":"Erb Street West","width":8,"d_rail":43},"geometry":{"type":"LineString","coordinates":[[-2037.1,-1600.3],[-2022.2,-1608.1],[-2005.8,-1618.3],[-1989.7,-1628],[-1955.3,-1649.5]]}},{"type":"Feature","properties":{"id":421371886,"highway":"unclassified","name":"Conestogo Road","width":5.5,"d_rail":13},"geometry":{"type":"LineString","coordinates":[[-2382.1,-5522],[-2404.1,-5509.2],[-2445,-5488.1],[-2458.3,-5478]]}},{"type":"Feature","properties":{"id":424546990,"highway":"secondary","name":"Victoria Street North","width":8,"d_rail":36},"geometry":{"type":"LineString","coordinates":[[148,-317.4],[155.2,-334.1],[169.2,-366.5],[177.5,-379.6]]}},{"type":"Feature","properties":{"id":424547424,"highway":"tertiary","name":"Francis Street North","width":7,"d_rail":137},"geometry":{"type":"LineString","coordinates":[[294.1,-255.2],[299.5,-267.6],[311.7,-295.9],[317.7,-306.4]]}},{"type":"Feature","properties":{"id":424547481,"highway":"secondary","name":"Charles Street West","width":8,"d_rail":5},"geometry":{"type":"LineString","coordinates":[[105.9,-210.6],[118.7,-204],[160.2,-187.3]]}},{"type":"Feature","properties":{"id":432205400,"highway":"secondary","name":"Charles Street East","width":8,"d_rail":11},"geometry":{"type":"LineString","coordinates":[[2071.9,877],[2057.1,861.9],[2045.9,855.6],[1991.7,836.9],[1969.9,830.5],[1900.2,808.9],[1881.8,802.6],[1861.5,793.3],[1845.6,781.3],[1831.7,766.5],[1826.4,759]]}},{"type":"Feature","properties":{"id":432205401,"highway":"secondary","name":"Charles Street East","width":8,"d_rail":5},"geometry":{"type":"LineString","coordinates":[[1750.6,704],[1763.2,712.6],[1777.2,722.4],[1788.9,731.7],[1799,743],[1820.7,774.1],[1835.3,790.5],[1859.3,808.4],[1879.5,817.8],[1895.8,823.6],[1924.5,832.4],[1938,836.8],[1956.4,842.8]]}},{"type":"Feature","properties":{"id":432953273,"highway":"secondary","name":"Charles Street East","width":8,"d_rail":9},"geometry":{"type":"LineString","coordinates":[[1698.6,653.2],[1648.9,622.8],[1617.5,602.7],[1573.1,573],[1521.7,538.5],[1502.4,525.6],[1496.6,521.7]]}},{"type":"Feature","properties":{"id":446609646,"highway":"residential","name":"Ahrens Street West","width":5.5,"d_rail":22},"geometry":{"type":"LineString","coordinates":[[653.1,-638.5],[643.9,-658.2],[639.6,-667.3]]}},{"type":"Feature","properties":{"id":446609647,"highway":"secondary","name":"Victoria Street North","width":8,"d_rail":74},"geometry":{"type":"LineString","coordinates":[[666.3,-610.6],[690.5,-621.9],[693.5,-623.3]]}},{"type":"Feature","properties":{"id":466399522,"highway":"secondary","name":"King Street South","width":8,"d_rail":4},"geometry":{"type":"LineString","coordinates":[[-1545.5,-1144.3],[-1539.4,-1132.2],[-1482.7,-1085.8],[-1434.1,-1045.9],[-1424.1,-1037.7]]}},{"type":"Feature","properties":{"id":466399523,"highway":"secondary","name":"King Street West","width":8,"d_rail":8},"geometry":{"type":"LineString","coordinates":[[-82.7,-425.4],[-99.5,-433.1],[-150.2,-456.2],[-160.2,-460.7]]}},{"type":"Feature","properties":{"id":466399524,"highway":"secondary","name":"King Street West","width":8,"d_rail":8},"geometry":{"type":"LineString","coordinates":[[-470.4,-591.9],[-497.5,-604.1],[-521.5,-614.9],[-550.1,-627.8],[-633.5,-665.3],[-641.9,-669.1]]}},{"type":"Feature","properties":{"id":466399526,"highway":"secondary","name":"King Street West","width":8,"d_rail":9},"geometry":{"type":"LineString","coordinates":[[-722.7,-706.4],[-741.1,-714.6],[-766.9,-726.2]]}},{"type":"Feature","properties":{"id":466399528,"highway":"secondary","name":"King Street West","width":8,"d_rail":11},"geometry":{"type":"LineString","coordinates":[[-804.6,-743.9],[-853.4,-766.1],[-868.1,-772.8]]}},{"type":"Feature","properties":{"id":466402905,"highway":"secondary","name":"Charles Street East","width":8,"d_rail":13},"geometry":{"type":"LineString","coordinates":[[1345.6,415.4],[1296,381],[1286.5,374.5]]}},{"type":"Feature","properties":{"id":466414682,"highway":"secondary","name":"University Avenue West","width":8,"d_rail":63},"geometry":{"type":"LineString","coordinates":[[-3044.1,-2365.2],[-3031.3,-2384.3]]}},{"type":"Feature","properties":{"id":466814518,"highway":"secondary","name":"Charles Street West","width":8,"d_rail":8},"geometry":{"type":"LineString","coordinates":[[397.4,-83.6],[439.4,-63.3]]}},{"type":"Feature","properties":{"id":466814519,"highway":"tertiary","name":"Water Street South","width":7,"d_rail":65},"geometry":{"type":"LineString","coordinates":[[397.4,-83.6],[405.9,-104],[418.9,-135.3],[423.5,-147.2],[438.2,-185.3],[440.8,-192.6]]}},{"type":"Feature","properties":{"id":466823668,"highway":"tertiary","name":"William Street West","width":7,"d_rail":13},"geometry":{"type":"LineString","coordinates":[[-1794.7,-1213.5],[-1770.1,-1244]]}},{"type":"Feature","properties":{"id":466956851,"highway":"secondary","name":"Victoria Street North","width":8,"d_rail":72},"geometry":{"type":"LineString","coordinates":[[1516,-1002.8],[1542.2,-1014.3],[1564,-1024.1],[1630.6,-1054.1],[1720.4,-1095.3],[1783,-1124],[1809,-1135.3]]}},{"type":"Feature","properties":{"id":466956855,"highway":"primary","name":"Victoria Street North","width":10,"d_rail":116},"geometry":{"type":"LineString","coordinates":[[5163.4,-2619],[5176,-2625.1],[5206.4,-2639.8],[5235.3,-2653.7],[5280.9,-2675.8],[5294.4,-2682.3],[5335.7,-2702.3],[5348.2,-2708.4],[5365.6,-2716.8],[5393.9,-2730.5],[5427.3,-2746.7],[5473.8,-2769.2],[5533.9,-2798.2]]}},{"type":"Feature","properties":{"id":467324867,"highway":"secondary","name":"King Street North","width":8,"d_rail":11},"geometry":{"type":"LineString","coordinates":[[-2493.8,-5522.7],[-2519.1,-5550.6],[-2533.3,-5567.4],[-2557.8,-5597.4],[-2579.2,-5623.7],[-2604.1,-5653.9],[-2618.7,-5671.6],[-2675.5,-5740.1],[-2682.9,-5749.4]]}},{"type":"Feature","properties":{"id":467601309,"highway":"tertiary","name":"Queen Street South","width":7,"d_rail":75},"geometry":{"type":"LineString","coordinates":[[831,89.5],[843.8,73.3],[877.5,30.1],[878.6,21.4]]}},{"type":"Feature","properties":{"id":468736240,"highway":"tertiary","name":"Joseph Street","width":7,"d_rail":89},"geometry":{"type":"LineString","coordinates":[[624.3,144.2],[579.6,106.3],[569,99.6],[552.6,92.8],[537.7,90],[526.9,89.2]]}},{"type":"Feature","properties":{"id":468738916,"highway":"residential","name":"Mill Street","width":5.5,"d_rail":83},"geometry":{"type":"LineString","coordinates":[[1645.1,1711.9],[1597.4,1702.2],[1579.6,1698.5],[1557,1693.9],[1395,1660.4],[1351.1,1651.2]]}},{"type":"Feature","properties":{"id":468770498,"highway":"tertiary","name":"Union Boulevard","width":7,"d_rail":72},"geometry":{"type":"LineString","coordinates":[[-1314.3,-802.8],[-1293.4,-845.4],[-1282.2,-871.3],[-1257.6,-924.7],[-1254.3,-931.9]]}},{"type":"Feature","properties":{"id":469453990,"highway":"primary","name":"Victoria Street North","width":10,"d_rail":131},"geometry":{"type":"LineString","coordinates":[[4198.7,-2160.8],[4219.8,-2171],[4245,-2183.2],[4259.1,-2189.9],[4290.5,-2205],[4306,-2212.5],[4330.9,-2225.3],[4371.3,-2244.3],[4435,-2274.8],[4464.1,-2288.6],[4491.9,-2301.6],[4533.2,-2320.8],[4550.8,-2329],[4567.6,-2336.8],[4594.4,-2349.3],[4632.6,-2367.1],[4650.4,-2375.5],[4677.3,-2388.3]]}},{"type":"Feature","properties":{"id":469453993,"highway":"primary","name":"Victoria Street North","width":10,"d_rail":135},"geometry":{"type":"LineString","coordinates":[[3491,-1842.8],[3503.7,-1848.4],[3560.5,-1873.3],[3595.2,-1888.5],[3607.1,-1893.7],[3636.6,-1906.6],[3653.6,-1914.1],[3665.3,-1919.2],[3696,-1932.6],[3709.9,-1938.7],[3736.7,-1950.4],[3754.9,-1958.5],[3768.4,-1964.4],[3781.5,-1970.3],[3820.4,-1987.7],[3858.1,-2004.6],[3872.8,-2011.2],[3900.4,-2023.8],[3970.1,-2054.9],[3997.8,-2067.3]]}},{"type":"Feature","properties":{"id":471827926,"highway":"secondary","name":"King Street North","width":8,"d_rail":137},"geometry":{"type":"LineString","coordinates":[[-2746.6,-5824.4],[-2779.5,-5862.3],[-2811.8,-5901.1]]}},{"type":"Feature","properties":{"id":472477878,"highway":"tertiary","name":"William Street West","width":7,"d_rail":74},"geometry":{"type":"LineString","coordinates":[[-1854.6,-1137.6],[-1844.6,-1151.4]]}},{"type":"Feature","properties":{"id":472477879,"highway":"tertiary","name":"Park Street","width":7,"d_rail":91},"geometry":{"type":"LineString","coordinates":[[-1854.6,-1137.6],[-1833.5,-1119.6]]}},{"type":"Feature","properties":{"id":472486882,"highway":"unclassified","name":"Conestogo Road","width":5.5,"d_rail":43},"geometry":{"type":"LineString","coordinates":[[-2434.4,-5482],[-2398.1,-5500.3],[-2378.2,-5514.5]]}},{"type":"Feature","properties":{"id":472486883,"highway":"secondary","name":"King Street North","width":8,"d_rail":0},"geometry":{"type":"LineString","coordinates":[[-2450.1,-5462.6],[-2458.3,-5478]]}},{"type":"Feature","properties":{"id":473036197,"highway":"secondary","name":"King Street West","width":8,"d_rail":9},"geometry":{"type":"LineString","coordinates":[[-234.4,-494.6],[-252.6,-501.6],[-291.5,-516.6],[-350.7,-540.9]]}},{"type":"Feature","properties":{"id":473036198,"highway":"secondary","name":"King Street West","width":8,"d_rail":10},"geometry":{"type":"LineString","coordinates":[[-217.3,-487.3],[-234.4,-494.6]]}},{"type":"Feature","properties":{"id":473036200,"highway":"tertiary","name":"Wellington Street North","width":7,"d_rail":4},"geometry":{"type":"LineString","coordinates":[[-248.2,-483.7],[-234.4,-494.6]]}},{"type":"Feature","properties":{"id":474941198,"highway":"secondary","name":"King Street North","width":8,"d_rail":101},"geometry":{"type":"LineString","coordinates":[[-2390.6,-5272.9],[-2384.4,-5243.5],[-2381.7,-5227.6],[-2376.3,-5195.8],[-2364.6,-5118.4],[-2353.4,-5052.6]]}},{"type":"Feature","properties":{"id":476061748,"highway":"secondary","name":"Fairway Road South","width":8,"d_rail":129},"geometry":{"type":"LineString","coordinates":[[4654.6,3219.8],[4738.1,3199.9]]}},{"type":"Feature","properties":{"id":476061749,"highway":"secondary","name":"Fairway Road South","width":8,"d_rail":122},"geometry":{"type":"LineString","coordinates":[[4461.7,3256.5],[4480.8,3257.9],[4515.9,3249.7],[4612.2,3228.3],[4627.4,3225.6]]}},{"type":"Feature","properties":{"id":476061750,"highway":"secondary","name":"Fairway Road South","width":8,"d_rail":111},"geometry":{"type":"LineString","coordinates":[[4625.5,3213.7],[4612.5,3217],[4484.4,3246.6]]}},{"type":"Feature","properties":{"id":477895778,"highway":"secondary","name":"Bingemans Centre Drive","width":8,"d_rail":23},"geometry":{"type":"LineString","coordinates":[[4733.4,-2476.1],[4725.8,-2494.6],[4710.8,-2529.2],[4704.1,-2542.9],[4690.5,-2561.9],[4682.3,-2571.3],[4653.8,-2597.7],[4632.1,-2606]]}},{"type":"Feature","properties":{"id":477895779,"highway":"secondary","name":"Bingemans Centre Drive","width":8,"d_rail":109},"geometry":{"type":"LineString","coordinates":[[4738.6,-2447.1],[4746.9,-2422.8]]}},{"type":"Feature","properties":{"id":477895780,"highway":"secondary","name":"Bingemans Centre Drive","width":8,"d_rail":28},"geometry":{"type":"LineString","coordinates":[[4632.1,-2606],[4645.4,-2590.1],[4655.6,-2583.1],[4670.3,-2568.7],[4692.8,-2537.4],[4700,-2523.3],[4715.7,-2490.1]]}},{"type":"Feature","properties":{"id":484297354,"highway":"secondary","name":"Northfield Drive","width":8,"d_rail":13},"geometry":{"type":"LineString","coordinates":[[-2692.5,-5760.7],[-2706.3,-5755.8]]}},{"type":"Feature","properties":{"id":484297635,"highway":"secondary","name":"Northfield Drive West","width":8,"d_rail":11},"geometry":{"type":"LineString","coordinates":[[-3256.2,-5481.8],[-3315.2,-5449.1]]}},{"type":"Feature","properties":{"id":484297636,"highway":"secondary","name":"Northfield Drive West","width":8,"d_rail":11},"geometry":{"type":"LineString","coordinates":[[-3373,-5420.3],[-3462.8,-5378.8]]}},{"type":"Feature","properties":{"id":484383178,"highway":"tertiary","name":"Kumpf Drive","width":7,"d_rail":35},"geometry":{"type":"LineString","coordinates":[[-3506.2,-5357.3],[-3511,-5368.3],[-3514.7,-5383.3],[-3505.7,-5399.5],[-3495.6,-5404]]}},{"type":"Feature","properties":{"id":487987271,"highway":"secondary","name":"Northfield Drive West","width":8,"d_rail":4},"geometry":{"type":"LineString","coordinates":[[-3449.1,-5368.8],[-3421.3,-5381.7],[-3391.7,-5394.2]]}},{"type":"Feature","properties":{"id":487987272,"highway":"secondary","name":"Northfield Drive West","width":8,"d_rail":7},"geometry":{"type":"LineString","coordinates":[[-3391.7,-5394.2],[-3361.7,-5407.1]]}},{"type":"Feature","properties":{"id":503474537,"highway":"secondary","name":"Victoria Street North","width":8,"d_rail":74},"geometry":{"type":"LineString","coordinates":[[640.3,-598.8],[658.1,-606.9],[666.3,-610.6]]}},{"type":"Feature","properties":{"id":507674248,"highway":"unclassified","name":"Allen Street West","width":5.5,"d_rail":0},"geometry":{"type":"LineString","coordinates":[[-1545.5,-1144.3],[-1553.8,-1133.9],[-1602.1,-1072.9],[-1609.4,-1063.8]]}},{"type":"Feature","properties":{"id":545182960,"highway":"residential","name":"Willis Way","width":5.5,"d_rail":18},"geometry":{"type":"LineString","coordinates":[[-1843.3,-1472.8],[-1883,-1449.1],[-1916.8,-1429],[-1925.9,-1423.6]]}},{"type":"Feature","properties":{"id":545182961,"highway":"tertiary","name":"Caroline Street South","width":7,"d_rail":8},"geometry":{"type":"LineString","coordinates":[[-1912.1,-1400.8],[-1898.3,-1378]]}},{"type":"Feature","properties":{"id":582910832,"highway":"secondary","name":"Courtland Avenue East","width":8,"d_rail":13},"geometry":{"type":"LineString","coordinates":[[1785.6,1398.5],[1716.1,1342.7],[1710.6,1338.3]]}},{"type":"Feature","properties":{"id":582910835,"highway":"secondary","name":"Ottawa Street South","width":8,"d_rail":151},"geometry":{"type":"LineString","coordinates":[[1840.2,1479.5],[1830.5,1492.9],[1804.6,1525.9],[1769.8,1569.8],[1763.3,1585.3],[1748.1,1647.6],[1728.2,1728.1]]}},{"type":"Feature","properties":{"id":582910838,"highway":"unclassified","name":"Borden Avenue South","width":5.5,"d_rail":6},"geometry":{"type":"LineString","coordinates":[[1710.6,1338.3],[1724.6,1323.6],[1749,1294.6],[1774.9,1263.3],[1802.4,1229.9],[1830.3,1195.2],[1880.6,1135.3],[1884.5,1130.7]]}},{"type":"Feature","properties":{"id":591780978,"highway":"secondary","name":"King Street North","width":8,"d_rail":13},"geometry":{"type":"LineString","coordinates":[[-2779.6,-5845.8],[-2739.4,-5797.4],[-2711.6,-5764],[-2701.4,-5748.5],[-2697.6,-5742.2]]}},{"type":"Feature","properties":{"id":607973403,"highway":"residential","name":"Traynor Avenue","width":5.5,"d_rail":86},"geometry":{"type":"LineString","coordinates":[[4275.3,2920.5],[4257,2965.3],[4246.4,2982.4],[4232.3,2998.4],[4118.7,3083.1],[4054.5,3128.8],[4004.4,3165],[3984.8,3175],[3923.5,3184],[3897.6,3188.4],[3862.4,3198.8],[3828.1,3209.4],[3710.7,3247.9],[3652.6,3266.3],[3633.2,3272],[3619.6,3272.8],[3608.4,3270.9]]}},{"type":"Feature","properties":{"id":622374529,"highway":"secondary","name":"Courtland Avenue East","width":8,"d_rail":20},"geometry":{"type":"LineString","coordinates":[[3082.5,3100.2],[3096.7,3111.7],[3109.2,3119.8],[3122.2,3127.2],[3134.2,3133.3]]}},{"type":"Feature","properties":{"id":622496251,"highway":"secondary","name":"Northfield Drive West","width":8,"d_rail":0},"geometry":{"type":"LineString","coordinates":[[-3506.2,-5357.3],[-3530.1,-5345.2],[-3545.5,-5337.5],[-3553.8,-5333.2]]}},{"type":"Feature","properties":{"id":648928683,"highway":"residential","name":"Pine Street","width":5.5,"d_rail":61},"geometry":{"type":"LineString","coordinates":[[-922.9,-797.8],[-911.4,-822.3],[-903,-841.6],[-884,-884.7],[-856,-949.6],[-839.1,-988.5]]}},{"type":"Feature","properties":{"id":648928684,"highway":"secondary","name":"King Street West","width":8,"d_rail":4},"geometry":{"type":"LineString","coordinates":[[-646.3,-657.6],[-621.4,-646.5],[-610.1,-641.5],[-580.1,-627.9],[-558.7,-618.2],[-507.1,-595],[-478.6,-582.3],[-425.8,-559.8],[-416.1,-555.7]]}},{"type":"Feature","properties":{"id":648928690,"highway":"secondary","name":"King Street South","width":8,"d_rail":11},"geometry":{"type":"LineString","coordinates":[[-1414.4,-1049.6],[-1424.8,-1057.8],[-1469,-1092.4],[-1530.6,-1140.7],[-1545.5,-1144.3]]}},{"type":"Feature","properties":{"id":649204914,"highway":"secondary","name":"King Street West","width":8,"d_rail":9},"geometry":{"type":"LineString","coordinates":[[-1069.1,-862.7],[-1085,-870],[-1113.4,-883.1],[-1131.8,-891.5],[-1167.2,-907.8]]}},{"type":"Feature","properties":{"id":653293172,"highway":"unclassified","name":"Merchant Avenue","width":5.5,"d_rail":88},"geometry":{"type":"LineString","coordinates":[[-2298.8,-1600.8],[-2306.4,-1580.2],[-2315.8,-1573.8]]}},{"type":"Feature","properties":{"id":655099413,"highway":"tertiary","name":"Queen Street South","width":7,"d_rail":0},"geometry":{"type":"LineString","coordinates":[[797.8,131.4],[806.8,119.9]]}},{"type":"Feature","properties":{"id":683625268,"highway":"tertiary","name":"Hayward Avenue","width":7,"d_rail":32},"geometry":{"type":"LineString","coordinates":[[2724.2,2614.5],[2736.7,2611.1]]}},{"type":"Feature","properties":{"id":693588282,"highway":"secondary","name":"Courtland Avenue East","width":8,"d_rail":66},"geometry":{"type":"LineString","coordinates":[[3617.1,3422.6],[3653.5,3433.5],[3682,3436.9],[3709.1,3436],[3729.7,3433.6],[3743.1,3426.5]]}},{"type":"Feature","properties":{"id":693588283,"highway":"secondary","name":"Courtland Avenue East","width":8,"d_rail":15},"geometry":{"type":"LineString","coordinates":[[3704.6,3422.1],[3676.9,3421.2],[3650,3417.4],[3624.8,3410.7],[3605.3,3403.1]]}},{"type":"Feature","properties":{"id":695978241,"highway":"secondary","name":"Columbia Street West","width":8,"d_rail":0},"geometry":{"type":"LineString","coordinates":[[-3488.8,-2871.5],[-3471.3,-2879.7],[-3451.2,-2888.8],[-3435.4,-2902.7]]}},{"type":"Feature","properties":{"id":695978242,"highway":"secondary","name":"Columbia Street West","width":8,"d_rail":130},"geometry":{"type":"LineString","coordinates":[[-3493.5,-2881.5],[-3568.8,-2846.6],[-3587.8,-2837.3],[-3603.8,-2829.5],[-3642.2,-2810.7]]}},{"type":"Feature","properties":{"id":705573998,"highway":"secondary","name":"Northfield Drive West","width":8,"d_rail":12},"geometry":{"type":"LineString","coordinates":[[-3214.9,-5503.7],[-3256.2,-5481.8]]}},{"type":"Feature","properties":{"id":705573999,"highway":"secondary","name":"Northfield Drive West","width":8,"d_rail":10},"geometry":{"type":"LineString","coordinates":[[-3315.2,-5449.1],[-3346.1,-5432.8],[-3373,-5420.3]]}},{"type":"Feature","properties":{"id":705651189,"highway":"secondary","name":"King Street North","width":8,"d_rail":32},"geometry":{"type":"LineString","coordinates":[[-4502.9,-8499.5],[-4496.6,-8553.6],[-4493.3,-8583.1],[-4486.6,-8632.6],[-4479.5,-8680.6],[-4476.1,-8703.2]]}},{"type":"Feature","properties":{"id":722800915,"highway":"tertiary","name":"Caroline Street South","width":7,"d_rail":7},"geometry":{"type":"LineString","coordinates":[[-1976.5,-1507.9],[-1958.4,-1477.8],[-1946.5,-1457.1]]}},{"type":"Feature","properties":{"id":722800916,"highway":"tertiary","name":"Caroline Street South","width":7,"d_rail":7},"geometry":{"type":"LineString","coordinates":[[-1946.5,-1457.1],[-1925.9,-1423.6]]}},{"type":"Feature","properties":{"id":729743008,"highway":"secondary","name":"Benton Street","width":8,"d_rail":5},"geometry":{"type":"LineString","coordinates":[[936,177.4],[929.3,187.6],[918.4,207.5],[913.8,215.9]]}},{"type":"Feature","properties":{"id":729743009,"highway":"secondary","name":"Benton Street","width":8,"d_rail":5},"geometry":{"type":"LineString","coordinates":[[913.8,215.9],[936.2,195.8],[949.2,182.2]]}},{"type":"Feature","properties":{"id":729743011,"highway":"secondary","name":"Benton Street","width":8,"d_rail":43},"geometry":{"type":"LineString","coordinates":[[971.2,126.6],[958.4,147]]}},{"type":"Feature","properties":{"id":729743012,"highway":"secondary","name":"Charles Street East","width":8,"d_rail":4},"geometry":{"type":"LineString","coordinates":[[949.2,182.2],[959.3,196.3],[1081.1,266.2],[1124.8,291.1],[1149.5,305.7],[1192.3,330.1]]}},{"type":"Feature","properties":{"id":729743013,"highway":"secondary","name":"Benton Street","width":8,"d_rail":17},"geometry":{"type":"LineString","coordinates":[[949.2,182.2],[957.8,173.7],[961.4,169.7]]}},{"type":"Feature","properties":{"id":729743014,"highway":"secondary","name":"Charles Street East","width":8,"d_rail":10},"geometry":{"type":"LineString","coordinates":[[965.8,183.3],[949.2,182.2]]}},{"type":"Feature","properties":{"id":729743015,"highway":"secondary","name":"Charles Street East","width":8,"d_rail":7},"geometry":{"type":"LineString","coordinates":[[873.2,149.2],[900.2,161.7]]}},{"type":"Feature","properties":{"id":729743016,"highway":"secondary","name":"Charles Street East","width":8,"d_rail":11},"geometry":{"type":"LineString","coordinates":[[1002.4,204.7],[965.8,183.3]]}},{"type":"Feature","properties":{"id":729743017,"highway":"secondary","name":"Charles Street East","width":8,"d_rail":3},"geometry":{"type":"LineString","coordinates":[[1300.4,404.5],[1382.9,458.5]]}},{"type":"Feature","properties":{"id":729743018,"highway":"secondary","name":"Charles Street East","width":8,"d_rail":10},"geometry":{"type":"LineString","coordinates":[[1286.5,374.5],[1253.3,354.2],[1242.4,346.9],[1229.5,338.8],[1199.5,318.8],[1169.1,302],[1131.2,280.3],[1031.3,221.7]]}},{"type":"Feature","properties":{"id":729743019,"highway":"unclassified","name":"Eby Street South","width":5.5,"d_rail":36},"geometry":{"type":"LineString","coordinates":[[1199.5,318.8],[1214.4,296.4],[1245.1,248.6],[1250.9,239.7]]}},{"type":"Feature","properties":{"id":729743021,"highway":"secondary","name":"Frederick Street","width":8,"d_rail":123},"geometry":{"type":"LineString","coordinates":[[1013.3,40.2],[996.7,75.7],[991.4,87]]}},{"type":"Feature","properties":{"id":737112393,"highway":"secondary","name":"King Street North","width":8,"d_rail":5},"geometry":{"type":"LineString","coordinates":[[-2619.9,-5647.9],[-2578.6,-5597.9],[-2570.4,-5587.5],[-2553.2,-5565.5]]}},{"type":"Feature","properties":{"id":738089021,"highway":"secondary","name":"Erb Street West","width":8,"d_rail":2},"geometry":{"type":"LineString","coordinates":[[-2062,-1586.9],[-2051.3,-1592.7],[-2037.1,-1600.3]]}},{"type":"Feature","properties":{"id":739451210,"highway":"unclassified","name":"Moore Avenue","width":5.5,"d_rail":10},"geometry":{"type":"LineString","coordinates":[[-86.2,-416.4],[-82.7,-425.4]]}},{"type":"Feature","properties":{"id":739451211,"highway":"secondary","name":"King Street West","width":8,"d_rail":6},"geometry":{"type":"LineString","coordinates":[[-86.2,-416.4],[-74.2,-411.5],[-57.2,-404.6],[129.7,-323.7],[148,-317.4]]}},{"type":"Feature","properties":{"id":744246270,"highway":"secondary","name":"King Street North","width":8,"d_rail":18},"geometry":{"type":"LineString","coordinates":[[-2421.5,-5401.6],[-2435.4,-5433.6],[-2447.3,-5457.3],[-2450.1,-5462.6]]}},{"type":"Feature","properties":{"id":744246271,"highway":"secondary","name":"King Street North","width":8,"d_rail":10},"geometry":{"type":"LineString","coordinates":[[-2553.2,-5565.5],[-2486.4,-5481.7],[-2476.5,-5469.2]]}},{"type":"Feature","properties":{"id":750968508,"highway":"secondary","name":"Northfield Drive","width":8,"d_rail":6},"geometry":{"type":"LineString","coordinates":[[-2697.6,-5742.2],[-2682.9,-5749.4]]}},{"type":"Feature","properties":{"id":760780905,"highway":"residential","name":"Mill Street","width":5.5,"d_rail":28},"geometry":{"type":"LineString","coordinates":[[1753.7,1733.3],[1740.3,1730.7],[1728.2,1728.1]]}},{"type":"Feature","properties":{"id":770915788,"highway":"primary","name":"Victoria Street North","width":10,"d_rail":125},"geometry":{"type":"LineString","coordinates":[[3265.5,-1747.4],[3292.7,-1758.6],[3331.1,-1774.3]]}},{"type":"Feature","properties":{"id":770915789,"highway":"primary","name":"Victoria Street North","width":10,"d_rail":130},"geometry":{"type":"LineString","coordinates":[[3331.1,-1774.3],[3367.7,-1787],[3381.1,-1792.1]]}},{"type":"Feature","properties":{"id":770915790,"highway":"primary","name":"Victoria Street North","width":10,"d_rail":132},"geometry":{"type":"LineString","coordinates":[[3381.1,-1792.1],[3458.8,-1827],[3491,-1842.8]]}},{"type":"Feature","properties":{"id":770915791,"highway":"primary","name":"Victoria Street North","width":10,"d_rail":138},"geometry":{"type":"LineString","coordinates":[[3997.8,-2067.3],[4010.9,-2073.2],[4025.6,-2079.8],[4036.4,-2084.7]]}},{"type":"Feature","properties":{"id":770915792,"highway":"primary","name":"Victoria Street North","width":10,"d_rail":138},"geometry":{"type":"LineString","coordinates":[[4036.4,-2084.7],[4057.2,-2094.1],[4084.4,-2106.4],[4098.8,-2112.8]]}},{"type":"Feature","properties":{"id":770915793,"highway":"primary","name":"Victoria Street North","width":10,"d_rail":137},"geometry":{"type":"LineString","coordinates":[[4098.8,-2112.8],[4122.6,-2124.2],[4163.8,-2144],[4198.7,-2160.8]]}},{"type":"Feature","properties":{"id":770915794,"highway":"primary","name":"Victoria Street North","width":10,"d_rail":128},"geometry":{"type":"LineString","coordinates":[[4677.3,-2388.3],[4701.5,-2400.3],[4730.9,-2414.7],[4746.9,-2422.8]]}},{"type":"Feature","properties":{"id":770915962,"highway":"primary","name":"Victoria Street North","width":10,"d_rail":109},"geometry":{"type":"LineString","coordinates":[[2865.2,-1582],[2925.3,-1607.1],[2939.2,-1612.9]]}},{"type":"Feature","properties":{"id":770916304,"highway":"tertiary","name":"River Road East","width":7,"d_rail":158},"geometry":{"type":"LineString","coordinates":[[2907.4,-1527.3],[2898.5,-1536.9],[2875.2,-1567.9],[2865.2,-1582]]}},{"type":"Feature","properties":{"id":778372773,"highway":"secondary","name":"Northfield Drive West","width":8,"d_rail":0},"geometry":{"type":"LineString","coordinates":[[-3554.3,-5316.1],[-3538.7,-5323.9],[-3519.7,-5333.5],[-3507.6,-5339.4],[-3497.8,-5344.3]]}},{"type":"Feature","properties":{"id":778372774,"highway":"secondary","name":"Northfield Drive West","width":8,"d_rail":105},"geometry":{"type":"LineString","coordinates":[[-3553.8,-5333.2],[-3631.8,-5294.4]]}},{"type":"Feature","properties":{"id":778461674,"highway":"secondary","name":"Northfield Drive West","width":8,"d_rail":83},"geometry":{"type":"LineString","coordinates":[[-3631.8,-5279.4],[-3618.2,-5285.7],[-3606.5,-5291],[-3554.3,-5316.1]]}},{"type":"Feature","properties":{"id":778461675,"highway":"secondary","name":"Northfield Drive West","width":8,"d_rail":6},"geometry":{"type":"LineString","coordinates":[[-3083.3,-5548.7],[-3053.8,-5563.2],[-3037.2,-5571.8]]}},{"type":"Feature","properties":{"id":778461676,"highway":"secondary","name":"Northfield Drive West","width":8,"d_rail":4},"geometry":{"type":"LineString","coordinates":[[-3497.8,-5344.3],[-3449.1,-5368.8]]}},{"type":"Feature","properties":{"id":778461677,"highway":"secondary","name":"Northfield Drive West","width":8,"d_rail":8},"geometry":{"type":"LineString","coordinates":[[-2749.6,-5716],[-2730.3,-5725.9],[-2713.9,-5733.2],[-2697.6,-5742.2]]}},{"type":"Feature","properties":{"id":778461679,"highway":"secondary","name":"Northfield Drive East","width":8,"d_rail":57},"geometry":{"type":"LineString","coordinates":[[-2620.7,-5794.1],[-2651,-5779.7]]}},{"type":"Feature","properties":{"id":778461680,"highway":"secondary","name":"Northfield Drive East","width":8,"d_rail":31},"geometry":{"type":"LineString","coordinates":[[-2651,-5779.7],[-2677.8,-5767.3],[-2692.5,-5760.7]]}},{"type":"Feature","properties":{"id":778461681,"highway":"secondary","name":"Northfield Drive West","width":8,"d_rail":10},"geometry":{"type":"LineString","coordinates":[[-2706.3,-5755.8],[-2725,-5747],[-2747,-5735.3],[-2791.2,-5711.8],[-2986.4,-5617]]}},{"type":"Feature","properties":{"id":778461682,"highway":"secondary","name":"Northfield Drive West","width":8,"d_rail":13},"geometry":{"type":"LineString","coordinates":[[-2986.4,-5617],[-3027,-5597.3],[-3045,-5588.2]]}},{"type":"Feature","properties":{"id":778461683,"highway":"secondary","name":"Northfield Drive West","width":8,"d_rail":13},"geometry":{"type":"LineString","coordinates":[[-3045,-5588.2],[-3057,-5582.2],[-3094.9,-5563.6]]}},{"type":"Feature","properties":{"id":778461684,"highway":"secondary","name":"Northfield Drive West","width":8,"d_rail":13},"geometry":{"type":"LineString","coordinates":[[-3127.9,-5547.9],[-3201.7,-5510.3]]}},{"type":"Feature","properties":{"id":778461685,"highway":"secondary","name":"Northfield Drive West","width":8,"d_rail":13},"geometry":{"type":"LineString","coordinates":[[-3094.9,-5563.6],[-3127.9,-5547.9]]}},{"type":"Feature","properties":{"id":778461686,"highway":"secondary","name":"Northfield Drive West","width":8,"d_rail":13},"geometry":{"type":"LineString","coordinates":[[-3201.7,-5510.3],[-3214.9,-5503.7]]}},{"type":"Feature","properties":{"id":778461688,"highway":"secondary","name":"Northfield Drive West","width":8,"d_rail":11},"geometry":{"type":"LineString","coordinates":[[-3462.8,-5378.8],[-3506.2,-5357.3]]}},{"type":"Feature","properties":{"id":798221180,"highway":"unclassified","name":"Caroline Street South","width":5.5,"d_rail":4},"geometry":{"type":"LineString","coordinates":[[-1758,-1183.3],[-1747.1,-1174.6],[-1727.1,-1158.7],[-1687.2,-1126.3],[-1675.8,-1117],[-1655,-1100],[-1630.4,-1079.6],[-1609.4,-1063.8]]}},{"type":"Feature","properties":{"id":829507381,"highway":"tertiary","name":"Father David Bauer Drive","width":7,"d_rail":156},"geometry":{"type":"LineString","coordinates":[[-2173.2,-1522.3],[-2166.2,-1510.8],[-2148.1,-1479.8],[-2116.6,-1425.8],[-2105,-1406],[-2092.5,-1396.1]]}},{"type":"Feature","properties":{"id":832708890,"highway":"tertiary","name":"Joseph Street","width":7,"d_rail":114},"geometry":{"type":"LineString","coordinates":[[648.5,164.1],[624.3,144.2]]}},{"type":"Feature","properties":{"id":839888270,"highway":"secondary","name":"King Street West","width":8,"d_rail":126},"geometry":{"type":"LineString","coordinates":[[440.8,-192.6],[429.2,-197.6],[399.3,-210.3],[341,-235.2]]}},{"type":"Feature","properties":{"id":839910525,"highway":"secondary","name":"Charles Street East","width":8,"d_rail":8},"geometry":{"type":"LineString","coordinates":[[900.2,161.7],[923.1,171.9],[936,177.4]]}},{"type":"Feature","properties":{"id":861242285,"highway":"secondary","name":"Erb Street West","width":8,"d_rail":118},"geometry":{"type":"LineString","coordinates":[[-2322.6,-1431.8],[-2280.9,-1457.2],[-2238.9,-1483.5],[-2185.7,-1514.6],[-2173.2,-1522.3]]}},{"type":"Feature","properties":{"id":877412552,"highway":"tertiary","name":"Queen Street South","width":7,"d_rail":139},"geometry":{"type":"LineString","coordinates":[[690.6,268.2],[716.8,234.6],[723.4,224.7]]}},{"type":"Feature","properties":{"id":880486029,"highway":"secondary","name":"Victoria Street North","width":8,"d_rail":75},"geometry":{"type":"LineString","coordinates":[[430.4,-503.1],[480.9,-526.1],[506,-537.5]]}},{"type":"Feature","properties":{"id":880486030,"highway":"secondary","name":"Weber Street West","width":8,"d_rail":88},"geometry":{"type":"LineString","coordinates":[[538.2,-503.2],[523.4,-518.4],[512.5,-530.4],[506,-537.5]]}},{"type":"Feature","properties":{"id":880486031,"highway":"secondary","name":"Victoria Street North","width":8,"d_rail":73},"geometry":{"type":"LineString","coordinates":[[506,-537.5],[522.6,-545.3],[590.6,-576.6]]}},{"type":"Feature","properties":{"id":880486032,"highway":"secondary","name":"Victoria Street North","width":8,"d_rail":73},"geometry":{"type":"LineString","coordinates":[[801,-673.4],[818,-681.3],[842.6,-692.8],[876.1,-708.4],[884.4,-712.3]]}},{"type":"Feature","properties":{"id":880486033,"highway":"secondary","name":"Victoria Street North","width":8,"d_rail":73},"geometry":{"type":"LineString","coordinates":[[884.4,-712.3],[895.6,-717.3],[960.4,-747.5]]}},{"type":"Feature","properties":{"id":880486042,"highway":"secondary","name":"Victoria Street North","width":8,"d_rail":72},"geometry":{"type":"LineString","coordinates":[[960.4,-747.5],[983.3,-758.1],[1011.6,-771.3],[1052.3,-789.9],[1113.9,-818.8]]}},{"type":"Feature","properties":{"id":880486043,"highway":"residential","name":"Margaret Avenue","width":5.5,"d_rail":89},"geometry":{"type":"LineString","coordinates":[[904.5,-673],[893,-698.4],[884.4,-712.3]]}},{"type":"Feature","properties":{"id":880486044,"highway":"secondary","name":"Victoria Street North","width":8,"d_rail":73},"geometry":{"type":"LineString","coordinates":[[1113.9,-818.8],[1158,-838.3]]}},{"type":"Feature","properties":{"id":880486045,"highway":"secondary","name":"Victoria Street North","width":8,"d_rail":73},"geometry":{"type":"LineString","coordinates":[[1158,-838.3],[1190.3,-853.2],[1194.2,-855]]}},{"type":"Feature","properties":{"id":880500188,"highway":"secondary","name":"Bingemans Centre Drive","width":8,"d_rail":85},"geometry":{"type":"LineString","coordinates":[[4715.7,-2490.1],[4729.4,-2460.7],[4738.6,-2447.1]]}},{"type":"Feature","properties":{"id":880500189,"highway":"secondary","name":"Bingemans Centre Drive","width":8,"d_rail":98},"geometry":{"type":"LineString","coordinates":[[4596.6,-2619.8],[4609.8,-2615.9],[4632.1,-2606]]}},{"type":"Feature","properties":{"id":884249114,"highway":"unclassified","name":"Ahrens Street West","width":5.5,"d_rail":69},"geometry":{"type":"LineString","coordinates":[[626.7,-694.6],[621.7,-705.9],[606.5,-740.9],[603.8,-746.9]]}},{"type":"Feature","properties":{"id":884264947,"highway":"primary","name":"Victoria Street North","width":10,"d_rail":96},"geometry":{"type":"LineString","coordinates":[[2208.8,-1283.3],[2190.4,-1276.1],[2163.4,-1265.7],[2137,-1255.5],[2116.8,-1247.9],[2089.3,-1237.7],[2075.4,-1232.5],[2039.6,-1219.2],[1997.8,-1204],[1980.1,-1197.2]]}},{"type":"Feature","properties":{"id":928024362,"highway":"secondary","name":"King Street West","width":8,"d_rail":124},"geometry":{"type":"LineString","coordinates":[[304.4,-250.8],[294.1,-255.2]]}},{"type":"Feature","properties":{"id":928024363,"highway":"secondary","name":"King Street West","width":8,"d_rail":124},"geometry":{"type":"LineString","coordinates":[[341,-235.2],[304.4,-250.8]]}},{"type":"Feature","properties":{"id":931830747,"highway":"primary","name":"Victoria Street North","width":10,"d_rail":156},"geometry":{"type":"LineString","coordinates":[[6316.5,-3321.5],[6358.4,-3344.9]]}},{"type":"Feature","properties":{"id":931830748,"highway":"primary","name":"Victoria Street North","width":10,"d_rail":99},"geometry":{"type":"LineString","coordinates":[[5533.9,-2798.2],[5589.2,-2823.9],[5643.6,-2853.5],[5683.9,-2880.3]]}},{"type":"Feature","properties":{"id":937810957,"highway":"secondary","name":"King Street East","width":8,"d_rail":107},"geometry":{"type":"LineString","coordinates":[[1481.8,390.3],[1444.3,366.4]]}},{"type":"Feature","properties":{"id":937811901,"highway":"secondary","name":"King Street East","width":8,"d_rail":107},"geometry":{"type":"LineString","coordinates":[[1444.3,366.4],[1406.2,341.6]]}},{"type":"Feature","properties":{"id":937811902,"highway":"secondary","name":"King Street East","width":8,"d_rail":106},"geometry":{"type":"LineString","coordinates":[[1406.2,341.6],[1371.4,319],[1347.6,303.3],[1336.1,295.7]]}},{"type":"Feature","properties":{"id":945680415,"highway":"secondary","name":"Victoria Street North","width":8,"d_rail":79},"geometry":{"type":"LineString","coordinates":[[1809,-1135.3],[1897.5,-1169.2]]}},{"type":"Feature","properties":{"id":969454590,"highway":"secondary","name":"Ottawa Street South","width":8,"d_rail":24},"geometry":{"type":"LineString","coordinates":[[1718.7,1771.7],[1716.1,1783.5],[1711.9,1802.8]]}},{"type":"Feature","properties":{"id":975787296,"highway":"secondary","name":"Courtland Avenue East","width":8,"d_rail":33},"geometry":{"type":"LineString","coordinates":[[3061.4,3070],[3049.7,3056],[3019.4,3022.2],[2999.9,3001],[2988.2,2995]]}},{"type":"Feature","properties":{"id":975787297,"highway":"secondary","name":"Courtland Avenue East","width":8,"d_rail":20},"geometry":{"type":"LineString","coordinates":[[2988.2,2995],[2991.3,3007.4],[3039.7,3065.2],[3052.4,3079]]}},{"type":"Feature","properties":{"id":1012967174,"highway":"secondary","name":"Northfield Drive East","width":8,"d_rail":88},"geometry":{"type":"LineString","coordinates":[[-2587.6,-5811.8],[-2620.7,-5794.1]]}},{"type":"Feature","properties":{"id":1021015928,"highway":"unclassified","name":"Ring Road","width":5.5,"d_rail":33},"geometry":{"type":"LineString","coordinates":[[-3387.7,-2623],[-3368.4,-2592.5]]}},{"type":"Feature","properties":{"id":1023951589,"highway":"secondary","name":"Victoria Street South","width":8,"d_rail":133},"geometry":{"type":"LineString","coordinates":[[28.7,-110.6],[-21.2,-50.7]]}},{"type":"Feature","properties":{"id":1023960570,"highway":"secondary","name":"Victoria Street North","width":8,"d_rail":73},"geometry":{"type":"LineString","coordinates":[[1194.2,-855],[1229.4,-871.2],[1242.8,-877.4],[1299.3,-903.3],[1335.5,-920]]}},{"type":"Feature","properties":{"id":1023960571,"highway":"secondary","name":"Victoria Street North","width":8,"d_rail":71},"geometry":{"type":"LineString","coordinates":[[1335.5,-920],[1355.5,-929.2],[1388.8,-945.5],[1409.1,-955.1]]}},{"type":"Feature","properties":{"id":1023960572,"highway":"secondary","name":"Lancaster Street West","width":8,"d_rail":83},"geometry":{"type":"LineString","coordinates":[[1423.7,-894.7],[1417.7,-919.6],[1412.1,-942.6],[1409.1,-955.1]]}},{"type":"Feature","properties":{"id":1023960573,"highway":"secondary","name":"Victoria Street North","width":8,"d_rail":70},"geometry":{"type":"LineString","coordinates":[[1409.1,-955.1],[1422.4,-961.4],[1438.7,-968.6]]}},{"type":"Feature","properties":{"id":1023960574,"highway":"secondary","name":"Victoria Street North","width":8,"d_rail":84},"geometry":{"type":"LineString","coordinates":[[1897.5,-1169.2],[1926.1,-1178.9],[1942.1,-1184.3],[1964,-1191.5],[1980.1,-1197.2]]}},{"type":"Feature","properties":{"id":1023960576,"highway":"primary","name":"Victoria Street North","width":10,"d_rail":105},"geometry":{"type":"LineString","coordinates":[[2452.4,-1394.9],[2465.5,-1400.7],[2514.9,-1423.2],[2529.4,-1429.8],[2535,-1432.3]]}},{"type":"Feature","properties":{"id":1023960577,"highway":"primary","name":"Victoria Street North","width":10,"d_rail":106},"geometry":{"type":"LineString","coordinates":[[2754.5,-1531.8],[2771.8,-1539.7],[2780.8,-1543.8]]}},{"type":"Feature","properties":{"id":1023960578,"highway":"primary","name":"Victoria Street North","width":10,"d_rail":127},"geometry":{"type":"LineString","coordinates":[[4746.9,-2422.8],[4762,-2429.6],[4812.9,-2452.5],[4835.7,-2463.3],[4844.5,-2467.5]]}},{"type":"Feature","properties":{"id":1023960579,"highway":"primary","name":"Victoria Street North","width":10,"d_rail":120},"geometry":{"type":"LineString","coordinates":[[5038.2,-2559.3],[5084.9,-2583.8],[5097.5,-2590.2]]}},{"type":"Feature","properties":{"id":1023960580,"highway":"primary","name":"Victoria Street North","width":10,"d_rail":123},"geometry":{"type":"LineString","coordinates":[[5001.3,-2541.8],[5038.2,-2559.3]]}},{"type":"Feature","properties":{"id":1023960581,"highway":"primary","name":"Victoria Street North","width":10,"d_rail":119},"geometry":{"type":"LineString","coordinates":[[5097.5,-2590.2],[5108.4,-2595.6],[5163.4,-2619]]}},{"type":"Feature","properties":{"id":1023960582,"highway":"primary","name":"Victoria Street North","width":10,"d_rail":53},"geometry":{"type":"LineString","coordinates":[[5755.6,-2934.5],[5894.5,-3059.3]]}},{"type":"Feature","properties":{"id":1023965122,"highway":"secondary","name":"Lancaster Street West","width":8,"d_rail":22},"geometry":{"type":"LineString","coordinates":[[1409.1,-955.1],[1405.7,-967.1],[1401.6,-983.4],[1397.2,-1002.6],[1392.1,-1024.8],[1389.2,-1036.7]]}},{"type":"Feature","properties":{"id":1023981531,"highway":"secondary","name":"King Street West","width":8,"d_rail":10},"geometry":{"type":"LineString","coordinates":[[-160.2,-460.7],[-200.9,-479.4],[-217.3,-487.3]]}},{"type":"Feature","properties":{"id":1023981533,"highway":"secondary","name":"King Street West","width":8,"d_rail":9},"geometry":{"type":"LineString","coordinates":[[-685,-689.4],[-698.5,-695.5],[-722.7,-706.4]]}},{"type":"Feature","properties":{"id":1023981534,"highway":"secondary","name":"King Street West","width":8,"d_rail":10},"geometry":{"type":"LineString","coordinates":[[-766.9,-726.2],[-781.2,-733.1],[-788.2,-736.4]]}},{"type":"Feature","properties":{"id":1023981535,"highway":"secondary","name":"King Street West","width":8,"d_rail":9},"geometry":{"type":"LineString","coordinates":[[-788.2,-736.4],[-804.6,-743.9]]}},{"type":"Feature","properties":{"id":1023981536,"highway":"secondary","name":"King Street West","width":8,"d_rail":12},"geometry":{"type":"LineString","coordinates":[[-884.2,-780.1],[-908.7,-791.3],[-922.9,-797.8]]}},{"type":"Feature","properties":{"id":1023981537,"highway":"secondary","name":"King Street West","width":8,"d_rail":12},"geometry":{"type":"LineString","coordinates":[[-868.1,-772.8],[-884.2,-780.1]]}},{"type":"Feature","properties":{"id":1023981538,"highway":"secondary","name":"King Street West","width":8,"d_rail":12},"geometry":{"type":"LineString","coordinates":[[-922.9,-797.8],[-935.3,-803.3],[-963.1,-815.7],[-978.4,-822.5],[-994.2,-829.4],[-1005.4,-834.4],[-1015.6,-838.9]]}},{"type":"Feature","properties":{"id":1023981539,"highway":"secondary","name":"King Street West","width":8,"d_rail":10},"geometry":{"type":"LineString","coordinates":[[-1015.6,-838.9],[-1038.9,-849.3],[-1063.3,-860.1],[-1069.1,-862.7]]}},{"type":"Feature","properties":{"id":1023981540,"highway":"secondary","name":"King Street South","width":8,"d_rail":9},"geometry":{"type":"LineString","coordinates":[[-1201.7,-923.6],[-1238.5,-940.5],[-1249.1,-945.4]]}},{"type":"Feature","properties":{"id":1023981541,"highway":"secondary","name":"King Street South","width":8,"d_rail":9},"geometry":{"type":"LineString","coordinates":[[-1249.1,-945.4],[-1262.8,-951.4],[-1324.4,-978.5],[-1337.3,-986.2],[-1362.9,-1007.2]]}},{"type":"Feature","properties":{"id":1023981542,"highway":"secondary","name":"King Street South","width":8,"d_rail":11},"geometry":{"type":"LineString","coordinates":[[-1362.9,-1007.2],[-1406.9,-1043.4],[-1414.4,-1049.6]]}},{"type":"Feature","properties":{"id":1023981543,"highway":"secondary","name":"King Street South","width":8,"d_rail":20},"geometry":{"type":"LineString","coordinates":[[-1621,-1204.9],[-1591.3,-1181],[-1555.7,-1152.5],[-1545.5,-1144.3]]}},{"type":"Feature","properties":{"id":1023981544,"highway":"secondary","name":"King Street South","width":8,"d_rail":102},"geometry":{"type":"LineString","coordinates":[[-1649.3,-1227.3],[-1638.5,-1219],[-1624.9,-1208],[-1621,-1204.9]]}},{"type":"Feature","properties":{"id":1023981545,"highway":"secondary","name":"King Street South","width":8,"d_rail":106},"geometry":{"type":"LineString","coordinates":[[-1681.4,-1252.6],[-1649.3,-1227.3]]}},{"type":"Feature","properties":{"id":1023981546,"highway":"secondary","name":"King Street South","width":8,"d_rail":123},"geometry":{"type":"LineString","coordinates":[[-1729.5,-1297.9],[-1737.2,-1330.2],[-1746.2,-1375.2]]}},{"type":"Feature","properties":{"id":1023981570,"highway":"secondary","name":"King Street North","width":8,"d_rail":152},"geometry":{"type":"LineString","coordinates":[[-2354.3,-5143.8],[-2359.4,-5176.1]]}},{"type":"Feature","properties":{"id":1023981571,"highway":"secondary","name":"King Street North","width":8,"d_rail":86},"geometry":{"type":"LineString","coordinates":[[-2368.2,-5230.9],[-2375.3,-5268.5]]}},{"type":"Feature","properties":{"id":1023981572,"highway":"secondary","name":"King Street North","width":8,"d_rail":23},"geometry":{"type":"LineString","coordinates":[[-2384.3,-5303.7],[-2389.6,-5322]]}},{"type":"Feature","properties":{"id":1023981573,"highway":"secondary","name":"King Street North","width":8,"d_rail":23},"geometry":{"type":"LineString","coordinates":[[-2389.6,-5322],[-2398.7,-5348.5]]}},{"type":"Feature","properties":{"id":1023981574,"highway":"secondary","name":"King Street North","width":8,"d_rail":8},"geometry":{"type":"LineString","coordinates":[[-2458.3,-5478],[-2468.6,-5490.2],[-2493.8,-5522.7]]}},{"type":"Feature","properties":{"id":1023981575,"highway":"secondary","name":"King Street North","width":8,"d_rail":19},"geometry":{"type":"LineString","coordinates":[[-2682.9,-5749.4],[-2692.5,-5760.7]]}},{"type":"Feature","properties":{"id":1023981580,"highway":"secondary","name":"King Street North","width":8,"d_rail":117},"geometry":{"type":"LineString","coordinates":[[-4085.2,-6936.4],[-4111.5,-6940.4]]}},{"type":"Feature","properties":{"id":1023981589,"highway":"secondary","name":"King Street North","width":8,"d_rail":122},"geometry":{"type":"LineString","coordinates":[[-2820.5,-5895],[-2779.6,-5845.8]]}},{"type":"Feature","properties":{"id":1023981590,"highway":"secondary","name":"Northfield Drive East","width":8,"d_rail":107},"geometry":{"type":"LineString","coordinates":[[-2617.9,-5782.6],[-2596.3,-5793.8],[-2561,-5811.9]]}},{"type":"Feature","properties":{"id":1023981596,"highway":"secondary","name":"King Street South","width":8,"d_rail":5},"geometry":{"type":"LineString","coordinates":[[-1339.8,-971.1],[-1267.4,-937.8],[-1254.3,-931.9]]}},{"type":"Feature","properties":{"id":1023981597,"highway":"secondary","name":"King Street West","width":8,"d_rail":3},"geometry":{"type":"LineString","coordinates":[[-1207.8,-911.4],[-1145.3,-884.1]]}},{"type":"Feature","properties":{"id":1023981598,"highway":"secondary","name":"King Street West","width":8,"d_rail":5},"geometry":{"type":"LineString","coordinates":[[-1145.3,-884.1],[-1083.5,-853.9],[-1075.5,-850.2]]}},{"type":"Feature","properties":{"id":1023981599,"highway":"secondary","name":"King Street West","width":8,"d_rail":4},"geometry":{"type":"LineString","coordinates":[[-930.4,-782.8],[-917.8,-777.3],[-881.9,-761.9],[-860,-752.7],[-856,-751]]}},{"type":"Feature","properties":{"id":1023981600,"highway":"secondary","name":"King Street West","width":8,"d_rail":5},"geometry":{"type":"LineString","coordinates":[[-856,-751],[-832.1,-740.9],[-803.2,-727.4],[-794.3,-723.3]]}},{"type":"Feature","properties":{"id":1023981601,"highway":"secondary","name":"King Street West","width":8,"d_rail":5},"geometry":{"type":"LineString","coordinates":[[-794.3,-723.3],[-772.5,-713.2],[-768.1,-711.4]]}},{"type":"Feature","properties":{"id":1023981602,"highway":"secondary","name":"King Street West","width":8,"d_rail":3},"geometry":{"type":"LineString","coordinates":[[-768.1,-711.4],[-754.6,-705.6],[-690,-678.4],[-657.9,-663.1],[-646.3,-657.6]]}},{"type":"Feature","properties":{"id":1023981603,"highway":"secondary","name":"King Street West","width":8,"d_rail":4},"geometry":{"type":"LineString","coordinates":[[-171.4,-452.2],[-159.8,-446.5],[-130.5,-433.4],[-104.4,-422],[-86.2,-416.4]]}},{"type":"Feature","properties":{"id":1023981604,"highway":"secondary","name":"King Street West","width":8,"d_rail":5},"geometry":{"type":"LineString","coordinates":[[-314.8,-512.3],[-299.6,-506],[-283.6,-498.4],[-257.8,-487.7],[-248.2,-483.7]]}},{"type":"Feature","properties":{"id":1023981605,"highway":"secondary","name":"King Street West","width":8,"d_rail":4},"geometry":{"type":"LineString","coordinates":[[-248.2,-483.7],[-233.4,-477.9],[-214.2,-470.3],[-171.4,-452.2]]}},{"type":"Feature","properties":{"id":1023981606,"highway":"secondary","name":"King Street West","width":8,"d_rail":31},"geometry":{"type":"LineString","coordinates":[[214.5,-287.8],[168.2,-308.4],[148,-317.4]]}},{"type":"Feature","properties":{"id":1023981607,"highway":"tertiary","name":"Francis Street South","width":7,"d_rail":113},"geometry":{"type":"LineString","coordinates":[[273.3,-203.9],[289.8,-244.6],[294.1,-255.2]]}},{"type":"Feature","properties":{"id":1023987959,"highway":"tertiary","name":"William Street West","width":7,"d_rail":99},"geometry":{"type":"LineString","coordinates":[[-1758.4,-1258.7],[-1737.2,-1287.3],[-1729.5,-1297.9]]}},{"type":"Feature","properties":{"id":1023987960,"highway":"tertiary","name":"William Street West","width":7,"d_rail":64},"geometry":{"type":"LineString","coordinates":[[-1770.1,-1244],[-1758.4,-1258.7]]}},{"type":"Feature","properties":{"id":1023987962,"highway":"tertiary","name":"Caroline Street South","width":7,"d_rail":8},"geometry":{"type":"LineString","coordinates":[[-1925.9,-1423.6],[-1912.1,-1400.8]]}},{"type":"Feature","properties":{"id":1023987963,"highway":"tertiary","name":"Caroline Street South","width":7,"d_rail":7},"geometry":{"type":"LineString","coordinates":[[-2001.8,-1550],[-1988.6,-1528],[-1976.5,-1507.9]]}},{"type":"Feature","properties":{"id":1023987964,"highway":"tertiary","name":"Father David Bauer Drive","width":7,"d_rail":64},"geometry":{"type":"LineString","coordinates":[[-2239.9,-1607.7],[-2222.4,-1593.5],[-2208.8,-1577.6],[-2182.7,-1535.2],[-2173.2,-1522.3]]}},{"type":"Feature","properties":{"id":1023987965,"highway":"tertiary","name":"Father David Bauer Drive","width":7,"d_rail":75},"geometry":{"type":"LineString","coordinates":[[-2173.2,-1522.3],[-2177.4,-1539.4],[-2187.8,-1559.3],[-2197.7,-1576.3],[-2219.6,-1602.7]]}},{"type":"Feature","properties":{"id":1023987966,"highway":"tertiary","name":"Father David Bauer Drive","width":7,"d_rail":23},"geometry":{"type":"LineString","coordinates":[[-2219.6,-1602.7],[-2237,-1617.8],[-2271.3,-1638.2],[-2282.2,-1642.4]]}},{"type":"Feature","properties":{"id":1023987968,"highway":"secondary","name":"Erb Street West","width":8,"d_rail":26},"geometry":{"type":"LineString","coordinates":[[-2083.1,-1574],[-2062,-1586.9]]}},{"type":"Feature","properties":{"id":1023987969,"highway":"secondary","name":"Erb Street West","width":8,"d_rail":44},"geometry":{"type":"LineString","coordinates":[[-2173.2,-1522.3],[-2161.5,-1529.3],[-2104.1,-1562.1],[-2083.1,-1574]]}},{"type":"Feature","properties":{"id":1024002006,"highway":"secondary","name":"Weber Street West","width":8,"d_rail":33},"geometry":{"type":"LineString","coordinates":[[457.9,-605.5],[448.6,-624.3]]}},{"type":"Feature","properties":{"id":1024002007,"highway":"secondary","name":"Weber Street West","width":8,"d_rail":149},"geometry":{"type":"LineString","coordinates":[[578.8,-474.1],[566.3,-482.2],[559.5,-486.9]]}},{"type":"Feature","properties":{"id":1024726651,"highway":"unclassified","name":"Conestogo Road","width":5.5,"d_rail":24},"geometry":{"type":"LineString","coordinates":[[-2476.5,-5469.2],[-2487,-5464]]}},{"type":"Feature","properties":{"id":1024728901,"highway":"tertiary","name":"Queen Street South","width":7,"d_rail":17},"geometry":{"type":"LineString","coordinates":[[806.8,119.9],[831,89.5]]}},{"type":"Feature","properties":{"id":1029445590,"highway":"secondary","name":"King Street South","width":8,"d_rail":5},"geometry":{"type":"LineString","coordinates":[[-1254.3,-931.9],[-1242.9,-926.7],[-1207.8,-911.4]]}},{"type":"Feature","properties":{"id":1029445591,"highway":"secondary","name":"King Street West","width":8,"d_rail":9},"geometry":{"type":"LineString","coordinates":[[-1167.2,-907.8],[-1201.7,-923.6]]}},{"type":"Feature","properties":{"id":1033108834,"highway":"secondary","name":"Charles Street East","width":8,"d_rail":9},"geometry":{"type":"LineString","coordinates":[[1496.6,521.7],[1391.9,447.6]]}},{"type":"Feature","properties":{"id":1033108835,"highway":"residential","name":"Cameron Street South","width":5.5,"d_rail":0},"geometry":{"type":"LineString","coordinates":[[1496.6,521.7],[1488.5,534.3]]}},{"type":"Feature","properties":{"id":1033108836,"highway":"secondary","name":"Charles Street East","width":8,"d_rail":5},"geometry":{"type":"LineString","coordinates":[[1488.5,534.3],[1599.5,606.4],[1643.4,634.7],[1689.9,664.7]]}},{"type":"Feature","properties":{"id":1033109124,"highway":"secondary","name":"Charles Street East","width":8,"d_rail":7},"geometry":{"type":"LineString","coordinates":[[936,177.4],[949.2,182.2]]}},{"type":"Feature","properties":{"id":1033109125,"highway":"secondary","name":"Benton Street","width":8,"d_rail":24},"geometry":{"type":"LineString","coordinates":[[958.4,147],[947.3,163.1],[936,177.4]]}},{"type":"Feature","properties":{"id":1033109126,"highway":"secondary","name":"Benton Street","width":8,"d_rail":100},"geometry":{"type":"LineString","coordinates":[[970.5,152.7],[998.9,101.1],[1002.9,93.8]]}},{"type":"Feature","properties":{"id":1033109127,"highway":"secondary","name":"Benton Street","width":8,"d_rail":41},"geometry":{"type":"LineString","coordinates":[[961.4,169.7],[970.5,152.7]]}},{"type":"Feature","properties":{"id":1034689641,"highway":"secondary","name":"Victoria Street North","width":8,"d_rail":74},"geometry":{"type":"LineString","coordinates":[[605.9,-583.3],[640.3,-598.8]]}},{"type":"Feature","properties":{"id":1035878761,"highway":"secondary","name":"Charles Street West","width":8,"d_rail":6},"geometry":{"type":"LineString","coordinates":[[769.7,91.1],[800.7,115.4],[806.8,119.9]]}},{"type":"Feature","properties":{"id":1037428644,"highway":"secondary","name":"Charles Street West","width":8,"d_rail":9},"geometry":{"type":"LineString","coordinates":[[319,-117.4],[388.2,-87.6],[397.4,-83.6]]}},{"type":"Feature","properties":{"id":1037428711,"highway":"secondary","name":"Charles Street West","width":8,"d_rail":8},"geometry":{"type":"LineString","coordinates":[[160.2,-187.3],[190.3,-173.6]]}},{"type":"Feature","properties":{"id":1037428728,"highway":"secondary","name":"Charles Street West","width":8,"d_rail":7},"geometry":{"type":"LineString","coordinates":[[250.1,-147.6],[300.3,-125.5]]}},{"type":"Feature","properties":{"id":1040978932,"highway":"secondary","name":"King Street West","width":8,"d_rail":126},"geometry":{"type":"LineString","coordinates":[[631.4,-108.3],[611.7,-117.2],[601.3,-121.8]]}},{"type":"Feature","properties":{"id":1040978933,"highway":"secondary","name":"King Street East","width":8,"d_rail":109},"geometry":{"type":"LineString","coordinates":[[1002.9,93.8],[991.4,87]]}},{"type":"Feature","properties":{"id":1040978934,"highway":"secondary","name":"King Street East","width":8,"d_rail":107},"geometry":{"type":"LineString","coordinates":[[1058.3,126.8],[1007.7,96.8],[1002.9,93.8]]}},{"type":"Feature","properties":{"id":1040978935,"highway":"secondary","name":"King Street East","width":8,"d_rail":110},"geometry":{"type":"LineString","coordinates":[[1658.1,507.1],[1628.5,488],[1587.7,461],[1571.6,450.4],[1556.6,440.2],[1543.4,431.3],[1509.2,408.5],[1481.8,390.3]]}},{"type":"Feature","properties":{"id":1040978936,"highway":"secondary","name":"King Street East","width":8,"d_rail":110},"geometry":{"type":"LineString","coordinates":[[1704,536.8],[1658.1,507.1]]}},{"type":"Feature","properties":{"id":1040978937,"highway":"secondary","name":"King Street East","width":8,"d_rail":110},"geometry":{"type":"LineString","coordinates":[[1751.5,567.9],[1718.9,546.5],[1704,536.8]]}},{"type":"Feature","properties":{"id":1040978938,"highway":"secondary","name":"King Street East","width":8,"d_rail":109},"geometry":{"type":"LineString","coordinates":[[1789.6,593.2],[1777.9,585.2],[1751.5,567.9]]}},{"type":"Feature","properties":{"id":1040978943,"highway":"secondary","name":"King Street East","width":8,"d_rail":103},"geometry":{"type":"LineString","coordinates":[[2162.6,824.4],[2126.1,801.9],[2118.6,797.3]]}},{"type":"Feature","properties":{"id":1040978944,"highway":"secondary","name":"King Street East","width":8,"d_rail":121},"geometry":{"type":"LineString","coordinates":[[2187,839.5],[2162.6,824.4]]}},{"type":"Feature","properties":{"id":1040978945,"highway":"secondary","name":"King Street East","width":8,"d_rail":139},"geometry":{"type":"LineString","coordinates":[[2208.2,852.6],[2187,839.5]]}},{"type":"Feature","properties":{"id":1040978963,"highway":"secondary","name":"Charles Street East","width":8,"d_rail":67},"geometry":{"type":"LineString","coordinates":[[2071.9,877],[2082.5,883.3],[2120.5,907.3],[2140.6,919.6]]}},{"type":"Feature","properties":{"id":1040978964,"highway":"secondary","name":"Charles Street East","width":8,"d_rail":5},"geometry":{"type":"LineString","coordinates":[[1956.4,842.8],[1982.6,851.2],[2013.2,861.2],[2050.3,872.1],[2071.9,877]]}},{"type":"Feature","properties":{"id":1040978965,"highway":"secondary","name":"Charles Street East","width":8,"d_rail":10},"geometry":{"type":"LineString","coordinates":[[1826.4,759],[1803.5,726.5],[1786.5,709.3],[1767.4,696.3]]}},{"type":"Feature","properties":{"id":1040978966,"highway":"secondary","name":"Charles Street East","width":8,"d_rail":5},"geometry":{"type":"LineString","coordinates":[[1689.9,664.7],[1732.8,692.4],[1750.6,704]]}},{"type":"Feature","properties":{"id":1040978967,"highway":"secondary","name":"Charles Street East","width":8,"d_rail":6},"geometry":{"type":"LineString","coordinates":[[1446.2,501.5],[1468.5,520.5],[1481.8,529.7],[1488.5,534.3]]}},{"type":"Feature","properties":{"id":1040978968,"highway":"secondary","name":"Charles Street East","width":8,"d_rail":12},"geometry":{"type":"LineString","coordinates":[[1391.9,447.6],[1345.6,415.4]]}},{"type":"Feature","properties":{"id":1040978969,"highway":"secondary","name":"Charles Street East","width":8,"d_rail":4},"geometry":{"type":"LineString","coordinates":[[1206,338.9],[1234.8,360.5],[1271.4,385.4],[1277,389.2]]}},{"type":"Feature","properties":{"id":1040978970,"highway":"secondary","name":"Charles Street East","width":8,"d_rail":4},"geometry":{"type":"LineString","coordinates":[[1192.3,330.1],[1206,338.9]]}},{"type":"Feature","properties":{"id":1040978971,"highway":"secondary","name":"Charles Street East","width":8,"d_rail":9},"geometry":{"type":"LineString","coordinates":[[1031.3,221.7],[1002.4,204.7]]}},{"type":"Feature","properties":{"id":1040978972,"highway":"secondary","name":"Charles Street East","width":8,"d_rail":8},"geometry":{"type":"LineString","coordinates":[[853,140.4],[873.2,149.2]]}},{"type":"Feature","properties":{"id":1040978973,"highway":"secondary","name":"Charles Street West","width":8,"d_rail":6},"geometry":{"type":"LineString","coordinates":[[760.2,84.5],[769.7,91.1]]}},{"type":"Feature","properties":{"id":1040978974,"highway":"secondary","name":"Charles Street West","width":8,"d_rail":7},"geometry":{"type":"LineString","coordinates":[[612.1,13.3],[626.4,19.8]]}},{"type":"Feature","properties":{"id":1040978975,"highway":"secondary","name":"Charles Street West","width":8,"d_rail":8},"geometry":{"type":"LineString","coordinates":[[300.3,-125.5],[319,-117.4]]}},{"type":"Feature","properties":{"id":1040978976,"highway":"secondary","name":"Charles Street West","width":8,"d_rail":8},"geometry":{"type":"LineString","coordinates":[[190.3,-173.6],[216.1,-162.3]]}},{"type":"Feature","properties":{"id":1046609785,"highway":"secondary","name":"Columbia Street West","width":8,"d_rail":35},"geometry":{"type":"LineString","coordinates":[[-3396.9,-2921.5],[-3435.4,-2902.7]]}},{"type":"Feature","properties":{"id":1075228288,"highway":"unclassified","name":"St. Leger Street","width":5.5,"d_rail":20},"geometry":{"type":"LineString","coordinates":[[1158,-838.3],[1153.2,-849.6],[1139.4,-881.5],[1129.2,-905.1],[1100.3,-973.5]]}},{"type":"Feature","properties":{"id":1075434944,"highway":"tertiary","name":"Joseph Street","width":7,"d_rail":101},"geometry":{"type":"LineString","coordinates":[[526.9,89.2],[496.5,87.9]]}},{"type":"Feature","properties":{"id":1075434945,"highway":"tertiary","name":"Joseph Street","width":7,"d_rail":114},"geometry":{"type":"LineString","coordinates":[[496.5,87.9],[469.4,82.2],[458.6,78.4]]}},{"type":"Feature","properties":{"id":1080860806,"highway":"tertiary","name":"Queen Street South","width":7,"d_rail":8},"geometry":{"type":"LineString","coordinates":[[772.8,161.9],[797.8,131.4]]}},{"type":"Feature","properties":{"id":1087618241,"highway":"unclassified","name":"Farmers Market Road","width":5.5,"d_rail":32},"geometry":{"type":"LineString","coordinates":[[-4073.3,-6653.4],[-4087.1,-6642.4]]}},{"type":"Feature","properties":{"id":1087757742,"highway":"secondary","name":"Fairway Road South","width":8,"d_rail":111},"geometry":{"type":"LineString","coordinates":[[4695.1,3198.4],[4640.9,3209.6],[4625.5,3213.7]]}},{"type":"Feature","properties":{"id":1087757744,"highway":"secondary","name":"Fairway Road South","width":8,"d_rail":124},"geometry":{"type":"LineString","coordinates":[[4627.4,3225.6],[4640.8,3223],[4654.6,3219.8]]}},{"type":"Feature","properties":{"id":1087757745,"highway":"secondary","name":"Fairway Road South","width":8,"d_rail":153},"geometry":{"type":"LineString","coordinates":[[4738.1,3199.9],[4800.4,3184.9]]}},{"type":"Feature","properties":{"id":1087757746,"highway":"secondary","name":"Fairway Road South","width":8,"d_rail":113},"geometry":{"type":"LineString","coordinates":[[4461.7,3256.5],[4421.5,3266.8],[4396,3272.8],[4369.3,3278.9],[4319.3,3290.2],[4284.8,3298.3],[4262.5,3303.6]]}},{"type":"Feature","properties":{"id":1087757747,"highway":"secondary","name":"Fairway Road South","width":8,"d_rail":114},"geometry":{"type":"LineString","coordinates":[[4262.5,3303.6],[4247.6,3307.1],[4183.9,3323.1],[4175.1,3325.3]]}},{"type":"Feature","properties":{"id":1087757748,"highway":"secondary","name":"Fairway Road South","width":8,"d_rail":114},"geometry":{"type":"LineString","coordinates":[[4175.1,3325.3],[4117.3,3338.6]]}},{"type":"Feature","properties":{"id":1087757749,"highway":"secondary","name":"Fairway Road South","width":8,"d_rail":108},"geometry":{"type":"LineString","coordinates":[[4117.3,3338.6],[4087.2,3345.4]]}},{"type":"Feature","properties":{"id":1087757750,"highway":"secondary","name":"Fairway Road South","width":8,"d_rail":101},"geometry":{"type":"LineString","coordinates":[[4087.2,3345.4],[4017.1,3362.7],[3992,3369],[3975.3,3373.3]]}},{"type":"Feature","properties":{"id":1087757751,"highway":"secondary","name":"Fairway Road South","width":8,"d_rail":96},"geometry":{"type":"LineString","coordinates":[[3975.3,3373.3],[3960.5,3377.2],[3913.9,3388.7],[3905.8,3390.6]]}},{"type":"Feature","properties":{"id":1087757752,"highway":"secondary","name":"Fairway Road South","width":8,"d_rail":92},"geometry":{"type":"LineString","coordinates":[[3905.8,3390.6],[3874.5,3398],[3842.8,3405.3]]}},{"type":"Feature","properties":{"id":1087757753,"highway":"secondary","name":"Manitou Drive","width":8,"d_rail":135},"geometry":{"type":"LineString","coordinates":[[3760.6,3467.9],[3774.6,3493.6],[3791.6,3516.7]]}},{"type":"Feature","properties":{"id":1087757754,"highway":"secondary","name":"Courtland Avenue East","width":8,"d_rail":4},"geometry":{"type":"LineString","coordinates":[[3537.2,3364.2],[3545.3,3374.8],[3579.5,3402.1],[3600.7,3415]]}},{"type":"Feature","properties":{"id":1087757755,"highway":"secondary","name":"Courtland Avenue East","width":8,"d_rail":20},"geometry":{"type":"LineString","coordinates":[[3605.3,3403.1],[3550.8,3368.9],[3537.2,3364.2]]}},{"type":"Feature","properties":{"id":1087757756,"highway":"secondary","name":"Courtland Avenue East","width":8,"d_rail":70},"geometry":{"type":"LineString","coordinates":[[3743.1,3426.5],[3729.3,3421.7],[3704.6,3422.1]]}},{"type":"Feature","properties":{"id":1087757757,"highway":"secondary","name":"Courtland Avenue East","width":8,"d_rail":15},"geometry":{"type":"LineString","coordinates":[[3477.2,3306.5],[3537.2,3364.2]]}},{"type":"Feature","properties":{"id":1087757758,"highway":"secondary","name":"Courtland Avenue East","width":8,"d_rail":18},"geometry":{"type":"LineString","coordinates":[[3414.4,3246.2],[3477.2,3306.5]]}},{"type":"Feature","properties":{"id":1087757759,"highway":"secondary","name":"Courtland Avenue East","width":8,"d_rail":15},"geometry":{"type":"LineString","coordinates":[[3320.2,3191.7],[3337.3,3199]]}},{"type":"Feature","properties":{"id":1087757760,"highway":"secondary","name":"Courtland Avenue East","width":8,"d_rail":16},"geometry":{"type":"LineString","coordinates":[[3285.6,3180.7],[3299.1,3184.9],[3320.2,3191.7]]}},{"type":"Feature","properties":{"id":1087757761,"highway":"secondary","name":"Courtland Avenue East","width":8,"d_rail":16},"geometry":{"type":"LineString","coordinates":[[3217.2,3162.7],[3285.6,3180.7]]}},{"type":"Feature","properties":{"id":1087757762,"highway":"secondary","name":"Courtland Avenue East","width":8,"d_rail":16},"geometry":{"type":"LineString","coordinates":[[3134.2,3133.3],[3160.5,3145.5],[3183.7,3153.5],[3196.1,3157.2],[3217.2,3162.7]]}},{"type":"Feature","properties":{"id":1106979648,"highway":"secondary","name":"Charles Street East","width":8,"d_rail":4},"geometry":{"type":"LineString","coordinates":[[1277,389.2],[1300.4,404.5]]}},{"type":"Feature","properties":{"id":1107889672,"highway":"residential","name":"Cedar Street South","width":5.5,"d_rail":70},"geometry":{"type":"LineString","coordinates":[[1277,389.2],[1256.3,421],[1241.9,444],[1228.3,464.8],[1203.4,504.1],[1201.6,510]]}},{"type":"Feature","properties":{"id":1107910711,"highway":"unclassified","name":"Cedar Street South","width":5.5,"d_rail":19},"geometry":{"type":"LineString","coordinates":[[1336.1,295.7],[1315.4,330.1],[1306,344.2],[1290,369.2],[1279.4,385.4],[1277,389.2]]}},{"type":"Feature","properties":{"id":1108161404,"highway":"secondary","name":"Charles Street East","width":8,"d_rail":10},"geometry":{"type":"LineString","coordinates":[[1767.4,696.3],[1750.2,685.3],[1725.9,669.9],[1698.6,653.2]]}},{"type":"Feature","properties":{"id":1108254073,"highway":"tertiary","name":"Francis Street South","width":7,"d_rail":69},"geometry":{"type":"LineString","coordinates":[[271.1,-198.4],[273.3,-203.9]]}},{"type":"Feature","properties":{"id":1130755845,"highway":"secondary","name":"Courtland Avenue East","width":8,"d_rail":23},"geometry":{"type":"LineString","coordinates":[[3612.3,3420.4],[3617.1,3422.6]]}},{"type":"Feature","properties":{"id":1130755846,"highway":"secondary","name":"Courtland Avenue East","width":8,"d_rail":19},"geometry":{"type":"LineString","coordinates":[[3600.7,3415],[3612.3,3420.4]]}},{"type":"Feature","properties":{"id":1130755847,"highway":"secondary","name":"Courtland Avenue East","width":8,"d_rail":27},"geometry":{"type":"LineString","coordinates":[[2936.1,2933.1],[2944.4,2943],[2973.6,2978.1]]}},{"type":"Feature","properties":{"id":1140618521,"highway":"unclassified","name":"Church Street","width":5.5,"d_rail":49},"geometry":{"type":"LineString","coordinates":[[788.1,177.4],[778.8,167.7],[772.8,161.9]]}},{"type":"Feature","properties":{"id":1165510321,"highway":"unclassified","name":"Mt. Hope Street","width":5.5,"d_rail":0},"geometry":{"type":"LineString","coordinates":[[-1069.1,-862.7],[-1075.5,-850.2]]}},{"type":"Feature","properties":{"id":1166299228,"highway":"tertiary","name":"Albert Street","width":7,"d_rail":129},"geometry":{"type":"LineString","coordinates":[[-3183,-4502.7],[-3193.8,-4495.9],[-3239.1,-4465.7],[-3279.7,-4439.2],[-3300.5,-4423.2],[-3319.6,-4402.2],[-3330.6,-4385.4],[-3338.9,-4368.2]]}},{"type":"Feature","properties":{"id":1189775847,"highway":"secondary","name":"King Street West","width":8,"d_rail":117},"geometry":{"type":"LineString","coordinates":[[878.6,21.4],[782.1,-31.8],[776.2,-35]]}},{"type":"Feature","properties":{"id":1193019713,"highway":"secondary","name":"Fairway Road South","width":8,"d_rail":117},"geometry":{"type":"LineString","coordinates":[[4724.4,3192.3],[4695.1,3198.4]]}},{"type":"Feature","properties":{"id":1196929617,"highway":"residential","name":"Bedford Road","width":5.5,"d_rail":15},"geometry":{"type":"LineString","coordinates":[[1878.8,1348.8],[1860.9,1334.5],[1782.1,1269.3],[1774.9,1263.3]]}},{"type":"Feature","properties":{"id":1196929643,"highway":"residential","name":"Kent Avenue","width":5.5,"d_rail":16},"geometry":{"type":"LineString","coordinates":[[1680,1016.9],[1739.7,914.3],[1783.1,839.9],[1814.6,784.4],[1820.7,774.1]]}},{"type":"Feature","properties":{"id":1209920417,"highway":"unclassified","name":"Church Street","width":5.5,"d_rail":79},"geometry":{"type":"LineString","coordinates":[[788.1,177.4],[822.2,205.5],[835.8,216.4],[847.1,225.5],[865.1,240],[876.9,249.5],[884.1,255.4]]}},{"type":"Feature","properties":{"id":1215662201,"highway":"residential","name":"Norman Street","width":5.5,"d_rail":7},"geometry":{"type":"LineString","coordinates":[[-1727.1,-1158.7],[-1780.4,-1092.2],[-1788.7,-1082]]}},{"type":"Feature","properties":{"id":1215662202,"highway":"residential","name":"Alexandra Avenue","width":5.5,"d_rail":19},"geometry":{"type":"LineString","coordinates":[[-1845.2,-1286.2],[-1857.7,-1278.4],[-1880.7,-1264.6],[-1896.7,-1255.3],[-1934.8,-1233.2]]}},{"type":"Feature","properties":{"id":1252609259,"highway":"secondary","name":"Victoria Street North","width":8,"d_rail":71},"geometry":{"type":"LineString","coordinates":[[1438.7,-968.6],[1468.4,-981.8],[1484.1,-988.7],[1516,-1002.8]]}},{"type":"Feature","properties":{"id":1274756235,"highway":"unclassified","name":"Green Street","width":5.5,"d_rail":5},"geometry":{"type":"LineString","coordinates":[[-832.4,-630],[-815.5,-668.5],[-797.2,-716.9],[-792.1,-728],[-788.2,-736.4]]}},{"type":"Feature","properties":{"id":1284878799,"highway":"residential","name":"Allen Street East","width":5.5,"d_rail":58},"geometry":{"type":"LineString","coordinates":[[-1545.5,-1144.3],[-1537.3,-1154.8],[-1513.4,-1185],[-1493.4,-1209.8],[-1481.9,-1224]]}},{"type":"Feature","properties":{"id":1285782557,"highway":"tertiary","name":"Hayward Avenue","width":7,"d_rail":132},"geometry":{"type":"LineString","coordinates":[[2369.9,2787.4],[2396.2,2775.6],[2421.7,2762.3],[2525.3,2708.5]]}},{"type":"Feature","properties":{"id":1294896915,"highway":"secondary","name":"Caroline Street North","width":8,"d_rail":83},"geometry":{"type":"LineString","coordinates":[[-2080.9,-1698.3],[-2079.7,-1688.7]]}},{"type":"Feature","properties":{"id":1298742849,"highway":"secondary","name":"Northfield Drive West","width":8,"d_rail":121},"geometry":{"type":"LineString","coordinates":[[-3631.8,-5294.4],[-3645.7,-5287.4]]}},{"type":"Feature","properties":{"id":1300096335,"highway":"secondary","name":"Courtland Avenue East","width":8,"d_rail":17},"geometry":{"type":"LineString","coordinates":[[3052.4,3079],[3065.3,3092.9],[3082.5,3100.2]]}},{"type":"Feature","properties":{"id":1300096336,"highway":"tertiary","name":"Block Line Road","width":7,"d_rail":32},"geometry":{"type":"LineString","coordinates":[[3052.4,3079],[3061.4,3070]]}},{"type":"Feature","properties":{"id":1300096337,"highway":"secondary","name":"Courtland Avenue East","width":8,"d_rail":29},"geometry":{"type":"LineString","coordinates":[[3082.5,3100.2],[3073.4,3084.5],[3061.4,3070]]}},{"type":"Feature","properties":{"id":1303060988,"highway":"residential","name":"Agnes Street","width":5.5,"d_rail":4},"geometry":{"type":"LineString","coordinates":[[-416.1,-555.7],[-410.7,-566.1]]}},{"type":"Feature","properties":{"id":1303060992,"highway":"secondary","name":"King Street West","width":8,"d_rail":4},"geometry":{"type":"LineString","coordinates":[[-416.1,-555.7],[-354.2,-528.8]]}},{"type":"Feature","properties":{"id":1303060993,"highway":"secondary","name":"King Street West","width":8,"d_rail":7},"geometry":{"type":"LineString","coordinates":[[-410.7,-566.1],[-444.4,-580.6],[-470.4,-591.9]]}},{"type":"Feature","properties":{"id":1303060994,"highway":"residential","name":"Agnes Street","width":5.5,"d_rail":11},"geometry":{"type":"LineString","coordinates":[[-424.6,-535.6],[-418.6,-549.7],[-416.1,-555.7]]}},{"type":"Feature","properties":{"id":1305186235,"highway":"tertiary","name":"Caroline Street South","width":7,"d_rail":5},"geometry":{"type":"LineString","coordinates":[[-1898.3,-1378],[-1862.6,-1317.5],[-1845.2,-1286.2],[-1839.2,-1274.8],[-1825.9,-1249.1],[-1813.9,-1232],[-1803.3,-1221.3],[-1794.7,-1213.5]]}},{"type":"Feature","properties":{"id":1308338678,"highway":"secondary","name":"Benton Street","width":8,"d_rail":66},"geometry":{"type":"LineString","coordinates":[[976.8,117.8],[971.2,126.6]]}},{"type":"Feature","properties":{"id":1318607641,"highway":"secondary","name":"King Street South","width":8,"d_rail":5},"geometry":{"type":"LineString","coordinates":[[-1424.1,-1037.7],[-1361.2,-987.5],[-1346.1,-974.7],[-1339.8,-971.1]]}},{"type":"Feature","properties":{"id":1327823864,"highway":"secondary","name":"Fairway Road South","width":8,"d_rail":110},"geometry":{"type":"LineString","coordinates":[[4484.4,3246.6],[4461.7,3256.5]]}},{"type":"Feature","properties":{"id":1334575879,"highway":"secondary","name":"King Street West","width":8,"d_rail":8},"geometry":{"type":"LineString","coordinates":[[-350.7,-540.9],[-405.5,-563.9],[-410.7,-566.1]]}},{"type":"Feature","properties":{"id":1334575880,"highway":"secondary","name":"King Street West","width":8,"d_rail":4},"geometry":{"type":"LineString","coordinates":[[-354.2,-528.8],[-342.9,-523.9],[-314.8,-512.3]]}},{"type":"Feature","properties":{"id":1334966585,"highway":"secondary","name":"King Street West","width":8,"d_rail":9},"geometry":{"type":"LineString","coordinates":[[-641.9,-669.1],[-652.8,-674.3],[-685,-689.4]]}},{"type":"Feature","properties":{"id":1359965488,"highway":"residential","name":"Allen Street West","width":5.5,"d_rail":84},"geometry":{"type":"LineString","coordinates":[[-1609.4,-1063.8],[-1641.8,-1025.8],[-1662,-998.4],[-1670.5,-986.8]]}},{"type":"Feature","properties":{"id":1360231859,"highway":"secondary","name":"Frederick Street","width":8,"d_rail":122},"geometry":{"type":"LineString","coordinates":[[1002.9,93.8],[1008.8,81.3],[1032.6,31.1]]}},{"type":"Feature","properties":{"id":1360231860,"highway":"tertiary","name":"Stirling Avenue South","width":7,"d_rail":0},"geometry":{"type":"LineString","coordinates":[[1767.4,696.3],[1756.2,701.4],[1750.6,704]]}},{"type":"Feature","properties":{"id":1360246091,"highway":"unclassified","name":"Mt. Hope Street","width":5.5,"d_rail":12},"geometry":{"type":"LineString","coordinates":[[-1075.5,-850.2],[-1086.9,-827.1]]}},{"type":"Feature","properties":{"id":1361538227,"highway":"tertiary","name":"Wilson Avenue","width":7,"d_rail":79},"geometry":{"type":"LineString","coordinates":[[4595.2,3120.3],[4605.1,3138.6],[4614.1,3162.8],[4619.4,3182.1],[4623.2,3199.7],[4625.5,3213.7]]}},{"type":"Feature","properties":{"id":1361617403,"highway":"tertiary","name":"Wilson Avenue","width":7,"d_rail":111},"geometry":{"type":"LineString","coordinates":[[4627.4,3225.6],[4625.5,3213.7]]}},{"type":"Feature","properties":{"id":1362379739,"highway":"tertiary","name":"Kumpf Drive","width":7,"d_rail":47},"geometry":{"type":"LineString","coordinates":[[-3495.6,-5404],[-3481.5,-5409.5]]}},{"type":"Feature","properties":{"id":1362910907,"highway":"secondary","name":"King Street North","width":8,"d_rail":25},"geometry":{"type":"LineString","coordinates":[[-2408.1,-5372],[-2421.5,-5401.6]]}},{"type":"Feature","properties":{"id":1362910908,"highway":"secondary","name":"King Street North","width":8,"d_rail":97},"geometry":{"type":"LineString","coordinates":[[-2359.4,-5176.1],[-2368.2,-5230.9]]}},{"type":"Feature","properties":{"id":1362979205,"highway":"secondary","name":"Courtland Avenue East","width":8,"d_rail":25},"geometry":{"type":"LineString","coordinates":[[2879.9,2868.9],[2928.9,2924.9],[2936.1,2933.1]]}},{"type":"Feature","properties":{"id":1362979206,"highway":"secondary","name":"Courtland Avenue East","width":8,"d_rail":27},"geometry":{"type":"LineString","coordinates":[[2973.6,2978.1],[2980.9,2986.7]]}},{"type":"Feature","properties":{"id":1362979207,"highway":"secondary","name":"Courtland Avenue East","width":8,"d_rail":27},"geometry":{"type":"LineString","coordinates":[[2980.9,2986.7],[2988.2,2995]]}},{"type":"Feature","properties":{"id":1364075122,"highway":"secondary","name":"Victoria Street South","width":8,"d_rail":5},"geometry":{"type":"LineString","coordinates":[[138.6,-291.2],[127.1,-259.8],[110.1,-220.2],[105.9,-210.6]]}},{"type":"Feature","properties":{"id":1364075123,"highway":"secondary","name":"Bingemans Centre Drive","width":8,"d_rail":89},"geometry":{"type":"LineString","coordinates":[[4738.6,-2447.1],[4739.7,-2460.9],[4733.4,-2476.1]]}},{"type":"Feature","properties":{"id":1377144105,"highway":"secondary","name":"Charles Street East","width":8,"d_rail":129},"geometry":{"type":"LineString","coordinates":[[2140.6,919.6],[2175.3,940.6]]}},{"type":"Feature","properties":{"id":1378242896,"highway":"tertiary","name":"Park Street","width":7,"d_rail":101},"geometry":{"type":"LineString","coordinates":[[-1670.5,-986.8],[-1614.7,-942.4],[-1591.5,-924]]}},{"type":"Feature","properties":{"id":1382744704,"highway":"secondary","name":"University Avenue West","width":8,"d_rail":115},"geometry":{"type":"LineString","coordinates":[[-3007.8,-2408.2],[-2993.2,-2420.4],[-2982.2,-2427.9]]}},{"type":"Feature","properties":{"id":1383207329,"highway":"secondary","name":"King Street North","width":8,"d_rail":95},"geometry":{"type":"LineString","coordinates":[[-4111.5,-6940.4],[-4135.1,-6943.9],[-4166,-6948.5]]}},{"type":"Feature","properties":{"id":1383207334,"highway":"unclassified","name":"Farmers Market Road","width":5.5,"d_rail":10},"geometry":{"type":"LineString","coordinates":[[-4087.1,-6642.4],[-4104.5,-6629.6]]}},{"type":"Feature","properties":{"id":1411411455,"highway":"secondary","name":"Ottawa Street South","width":8,"d_rail":54},"geometry":{"type":"LineString","coordinates":[[1711.9,1802.8],[1707.7,1822.2]]}},{"type":"Feature","properties":{"id":1434016373,"highway":"secondary","name":"King Street North","width":8,"d_rail":76},"geometry":{"type":"LineString","coordinates":[[-4476.1,-8703.2],[-4471.7,-8744]]}},{"type":"Feature","properties":{"id":1434313864,"highway":"secondary","name":"King Street North","width":8,"d_rail":135},"geometry":{"type":"LineString","coordinates":[[-4471.7,-8744],[-4445.2,-8987.2],[-4441.8,-9015],[-4438.9,-9038.2],[-4437.3,-9051.1],[-4426.1,-9139.2],[-4418.8,-9197.6]]}},{"type":"Feature","properties":{"id":1444461803,"highway":"tertiary","name":"William Street West","width":7,"d_rail":0},"geometry":{"type":"LineString","coordinates":[[-1810.4,-1193.7],[-1800.4,-1206],[-1794.7,-1213.5]]}},{"type":"Feature","properties":{"id":1444472674,"highway":"tertiary","name":"Wilson Avenue","width":7,"d_rail":50},"geometry":{"type":"LineString","coordinates":[[4557.1,3076.9],[4544.1,3067.6],[4524.8,3058.9]]}},{"type":"Feature","properties":{"id":1444514582,"highway":"tertiary","name":"Kingsway Drive","width":7,"d_rail":43},"geometry":{"type":"LineString","coordinates":[[4599.3,3027.1],[4567.8,3064.7],[4557.1,3076.9]]}},{"type":"Feature","properties":{"id":1455913315,"highway":"secondary","name":"Northfield Drive West","width":8,"d_rail":111},"geometry":{"type":"LineString","coordinates":[[-3646.1,-5272.8],[-3631.8,-5279.4]]}},{"type":"Feature","properties":{"id":1499171519,"highway":"unclassified","name":"Merchant Avenue","width":5.5,"d_rail":37},"geometry":{"type":"LineString","coordinates":[[-2282.2,-1642.4],[-2288.5,-1628.9],[-2288.9,-1628]]}},{"type":"Feature","properties":{"id":1531461580,"highway":"secondary","name":"King Street North","width":8,"d_rail":28},"geometry":{"type":"LineString","coordinates":[[-2692.5,-5760.7],[-2746.6,-5824.4]]}}]}